#OTU ID;e4012511305_NBCLAB2830_UPG77_rf4_Cal1_EG005_C_C1_EG005_6_72445_2_ACTCGCTAGTAAGGAG_L001_merged_trimmed_filtered;e4012511305_NBCLAB2830_UPG77_rf4_Cal1_EG006_D_G2_EG005_6_72445_108_GGAGCTACGAGCCTTA_L001_merged_trimmed_filtered;e4012511308_NBCLAB2902_UPG84_sand3_Ope8_EG006_D_G4_EG005_6_72445_124_CGGAGCCTGAGCCTTA_L001_merged_trimmed_filtered;e4012511311_NBCLAB2926_UPG94_rf3_Mar7_EG005_C_D2_EG005_6_72445_11_GGAGCTACACTGCATA_L001_merged_trimmed_filtered;e4012511311_NBCLAB2926_UPG94_rf3_Mar7_EG006_D_C7_EG005_6_72445_144_TAGCGCTCCCTAGAGT_L001_merged_trimmed_filtered;e4012511312_NBCLAB2934_UPG78_21_Amp1_EG005_C_H2_EG005_6_72445_15_GGAGCTACTCTCTCCG_L001_merged_trimmed_filtered;e4012511313_NBCLAB2942_UPG78_21_Amp9_EG006_D_E8_EG005_6_72445_154_ACTGAGCGCTATTAAG_L001_merged_trimmed_filtered;e4012511317_NBCLAB2831_UPG77_rf4_Cal2_EG005_C_D1_EG005_6_72445_3_ACTCGCTAACTGCATA_L001_merged_trimmed_filtered;e4012511317_NBCLAB2831_UPG77_rf4_Cal2_EG006_D_H2_EG005_6_72445_109_GGAGCTACTTATGCGA_L001_merged_trimmed_filtered;e4012511318_NBCLAB2887_UPG77_rf4_Cal4_EG005_C_H1_EG005_6_72445_7_ACTCGCTATCTCTCCG_L001_merged_trimmed_filtered;e4012511318_NBCLAB2887_UPG77_rf4_Cal4_EG006_D_D3_EG005_6_72445_113_GCGTAGTAGCGTAAGA_L001_merged_trimmed_filtered;e4012511320_NBCLAB2903_UPG84_sand3_Ope9_EG006_D_H4_EG005_6_72445_125_CGGAGCCTTTATGCGA_L001_merged_trimmed_filtered;e4012511321_NBCLAB2911_UPG84_sand2_Alv6_EG006_D_F5_EG005_6_72445_131_TACGCTGCAAGGCTAT_L001_merged_trimmed_filtered;e4012511322_NBCLAB2919_UPG84_sand2_Alv14_EG006_D_D6_EG005_6_72445_137_ATGCGCAGGCGTAAGA_L001_merged_trimmed_filtered;e4012511323_NBCLAB2927_UPG94_rf3_Mar8_EG005_C_E2_EG005_6_72445_12_GGAGCTACAAGGAGTA_L001_merged_trimmed_filtered;e4012511323_NBCLAB2927_UPG94_rf3_Mar8_EG006_D_D7_EG005_6_72445_145_TAGCGCTCGCGTAAGA_L001_merged_trimmed_filtered;e4012511329_NBCLAB2832_UPG77_rf4_Cal3_EG005_C_E1_EG005_6_72445_4_ACTCGCTAAAGGAGTA_L001_merged_trimmed_filtered;e4012511329_NBCLAB2832_UPG77_rf4_Cal3_EG006_D_A3_EG005_6_72445_110_GCGTAGTATCGACTAG_L001_merged_trimmed_filtered;e4012511330_NBCLAB2888_UPG77_rf4_Cal5_EG005_C_A2_EG005_6_72445_8_GGAGCTACCTCTCTAT_L001_merged_trimmed_filtered;e4012511330_NBCLAB2888_UPG77_rf4_Cal5_EG006_D_E3_EG005_6_72445_114_GCGTAGTACTATTAAG_L001_merged_trimmed_filtered;e4012511333_NBCLAB2912_UPG84_sand2_Alv7_EG006_D_G5_EG005_6_72445_132_TACGCTGCGAGCCTTA_L001_merged_trimmed_filtered;e4012511334_NBCLAB2920_UPG94_rf3_Mar1_EG006_D_E6_EG005_6_72445_138_ATGCGCAGCTATTAAG_L001_merged_trimmed_filtered;e4012511335_NBCLAB2928_UPG94_rf3_Mar9_EG005_C_F2_EG005_6_72445_13_GGAGCTACCTAAGCCT_L001_merged_trimmed_filtered;e4012511335_NBCLAB2928_UPG94_rf3_Mar9_EG006_D_E7_EG005_6_72445_146_TAGCGCTCCTATTAAG_L001_merged_trimmed_filtered;e4012511336_NBCLAB2936_UPG78_21_Amp3_EG006_D_A8_EG005_6_72445_150_ACTGAGCGTCGACTAG_L001_merged_trimmed_filtered;e4012511341_NBCLAB2833_UPG84_sand3_Ope1_EG005_C_F1_EG005_6_72445_5_ACTCGCTACTAAGCCT_L001_merged_trimmed_filtered;e4012511341_NBCLAB2833_UPG84_sand3_Ope1_EG006_D_B3_EG005_6_72445_111_GCGTAGTATTCTAGCT_L001_merged_trimmed_filtered;e4012511342_NBCLAB2889_UPG77_rf4_Cal6_EG006_D_F3_EG005_6_72445_115_GCGTAGTAAAGGCTAT_L001_merged_trimmed_filtered;e4012511343_NBCLAB2897_UPG77_rf4_Cal14_EG006_D_C4_EG005_6_72445_120_CGGAGCCTCCTAGAGT_L001_merged_trimmed_filtered;e4012511344_NBCLAB2905_UPG84_sand2_Ope11_EG006_D_A5_EG005_6_72445_126_TACGCTGCTCGACTAG_L001_merged_trimmed_filtered;e4012511345_NBCLAB2913_UPG84_sand2_Alv8_EG006_D_H5_EG005_6_72445_133_TACGCTGCTTATGCGA_L001_merged_trimmed_filtered;e4012511346_NBCLAB2921_UPG94_rf3_Mar2_EG006_D_F6_EG005_6_72445_139_ATGCGCAGAAGGCTAT_L001_merged_trimmed_filtered;e4012511354_NBCLAB2890_UPG77_rf4_Cal7_EG005_C_B2_EG005_6_72445_9_GGAGCTACTATCCTCT_L001_merged_trimmed_filtered;e4012511354_NBCLAB2890_UPG77_rf4_Cal7_EG006_D_G3_EG005_6_72445_116_GCGTAGTAGAGCCTTA_L001_merged_trimmed_filtered;e4012511355_NBCLAB2898_UPG84_sand3_Ope4_EG006_D_D4_EG005_6_72445_121_CGGAGCCTGCGTAAGA_L001_merged_trimmed_filtered;e4012511356_NBCLAB2906_UPG84_sand2_Ope12_EG005_C_A1_EG005_6_72445_0_ACTCGCTACTCTCTAT_L001_merged_trimmed_filtered;e4012511356_NBCLAB2906_UPG84_sand2_Ope12_EG005_C_E6_EG005_6_72445_44_ATGCGCAGAAGGAGTA_L001_merged_trimmed_filtered;e4012511356_NBCLAB2906_UPG84_sand2_Ope12_EG005_C_G3_EG005_6_72445_22_GCGTAGTACGTCTAAT_L001_merged_trimmed_filtered;e4012511356_NBCLAB2906_UPG84_sand2_Ope12_EG006_D_B5_EG005_6_72445_127_TACGCTGCTTCTAGCT_L001_merged_trimmed_filtered;e4012511357_NBCLAB2914_UPG84_sand2_Alv9_EG006_D_A6_EG005_6_72445_134_ATGCGCAGTCGACTAG_L001_merged_trimmed_filtered;e4012511358_NBCLAB2922_UPG94_rf3_Mar3_EG006_D_G6_EG005_6_72445_140_ATGCGCAGGAGCCTTA_L001_merged_trimmed_filtered;e4012511361_NBCLAB2946_UPG78_21_Amp13_EG006_D_F8_EG005_6_72445_155_ACTGAGCGAAGGCTAT_L001_merged_trimmed_filtered;e4012511365_NBCLAB2835_UPG84_sand3_Ope3_EG005_C_G1_EG005_6_72445_6_ACTCGCTACGTCTAAT_L001_merged_trimmed_filtered;e4012511365_NBCLAB2835_UPG84_sand3_Ope3_EG006_D_C3_EG005_6_72445_112_GCGTAGTACCTAGAGT_L001_merged_trimmed_filtered;e4012511366_NBCLAB2891_UPG77_rf4_Cal8_EG006_D_H3_EG005_6_72445_117_GCGTAGTATTATGCGA_L001_merged_trimmed_filtered;e4012511368_NBCLAB2907_UPG84_sand2_Ope13_EG006_D_C5_EG005_6_72445_128_TACGCTGCCCTAGAGT_L001_merged_trimmed_filtered;e4012511369_NBCLAB2915_UPG84_sand2_Alv10_EG006_D_B6_EG005_6_72445_135_ATGCGCAGTTCTAGCT_L001_merged_trimmed_filtered;e4012511370_NBCLAB2923_UPG94_rf3_Mar4_EG006_D_H6_EG005_6_72445_141_ATGCGCAGTTATGCGA_L001_merged_trimmed_filtered;e4012511371_NBCLAB2931_UPG94_rf3_Mar12_EG005_C_G2_EG005_6_72445_14_GGAGCTACCGTCTAAT_L001_merged_trimmed_filtered;e4012511371_NBCLAB2931_UPG94_rf3_Mar12_EG006_D_F7_EG005_6_72445_147_TAGCGCTCAAGGCTAT_L001_merged_trimmed_filtered;e4012511372_NBCLAB2939_UPG78_21_Amp6_EG006_D_B8_EG005_6_72445_151_ACTGAGCGTTCTAGCT_L001_merged_trimmed_filtered;e4012511373_NBCLAB2947_UPG78_21_Amp14_EG005_C_B1_EG005_6_72445_1_ACTCGCTATATCCTCT_L001_merged_trimmed_filtered;e4012511373_NBCLAB2947_UPG78_21_Amp14_EG006_D_G8_EG005_6_72445_156_ACTGAGCGGAGCCTTA_L001_merged_trimmed_filtered;e4012511378_NBCLAB2892_UPG77_rf4_Cal9_EG006_D_A4_EG005_6_72445_118_CGGAGCCTTCGACTAG_L001_merged_trimmed_filtered;e4012511379_NBCLAB2900_UPG84_sand3_Ope6_EG006_D_E4_EG005_6_72445_122_CGGAGCCTCTATTAAG_L001_merged_trimmed_filtered;e4012511380_NBCLAB2908_UPG84_sand2_Ope14_EG006_D_D5_EG005_6_72445_129_TACGCTGCGCGTAAGA_L001_merged_trimmed_filtered;e4012511381_NBCLAB2916_UPG84_sand2_Alv11_EG006_D_C6_EG005_6_72445_136_ATGCGCAGCCTAGAGT_L001_merged_trimmed_filtered;e4012511382_NBCLAB2924_UPG94_rf3_Mar5_EG006_D_A7_EG005_6_72445_142_TAGCGCTCTCGACTAG_L001_merged_trimmed_filtered;e4012511383_NBCLAB2932_UPG94_rf3_Mar13_EG006_D_G7_EG005_6_72445_148_TAGCGCTCGAGCCTTA_L001_merged_trimmed_filtered;e4012511384_NBCLAB2940_UPG78_21_Amp7_EG006_D_C8_EG005_6_72445_152_ACTGAGCGCCTAGAGT_L001_merged_trimmed_filtered;e4012511390_NBCLAB2893_UPG77_rf4_Cal10_EG006_D_B4_EG005_6_72445_119_CGGAGCCTTTCTAGCT_L001_merged_trimmed_filtered;e4012511391_NBCLAB2901_UPG84_sand3_Ope7_EG006_D_F4_EG005_6_72445_123_CGGAGCCTAAGGCTAT_L001_merged_trimmed_filtered;e4012511392_NBCLAB2909_UPG84_sand2_Alv4_EG006_D_E5_EG005_6_72445_130_TACGCTGCCTATTAAG_L001_merged_trimmed_filtered;e4012511394_NBCLAB2925_UPG94_rf3_Mar6_EG005_C_C2_EG005_6_72445_10_GGAGCTACGTAAGGAG_L001_merged_trimmed_filtered;e4012511394_NBCLAB2925_UPG94_rf3_Mar6_EG006_D_B7_EG005_6_72445_143_TAGCGCTCTTCTAGCT_L001_merged_trimmed_filtered;e4012511395_NBCLAB2933_UPG94_rf3_Mar14_EG006_D_H7_EG005_6_72445_149_TAGCGCTCTTATGCGA_L001_merged_trimmed_filtered;e4012511396_NBCLAB2941_UPG78_21_Amp8_EG006_D_D8_EG005_6_72445_153_ACTGAGCGGCGTAAGA_L001_merged_trimmed_filtered;e4032057136_NBCLAB3471_UPG78_rf3_for1_EG005_C_A3_EG005_6_72445_16_GCGTAGTACTCTCTAT_L001_merged_trimmed_filtered;e4032057136_NBCLAB3471_UPG78_rf3_for1_EG006_D_H8_EG005_6_72445_157_ACTGAGCGTTATGCGA_L001_merged_trimmed_filtered;e4032057138_NBCLAB3487_UPG71_33_for17_EG006_D_E10_EG005_6_72445_170_CGATCAGTCTATTAAG_L001_merged_trimmed_filtered;e4032057140_NBCLAB3503_UPG80_rf1_for33_EG005_C_G4_EG005_6_72445_30_CGGAGCCTCGTCTAAT_L001_merged_trimmed_filtered;e4032057141_NBCLAB3511_UPG84_sand2_for41_EG005_C_G5_EG005_6_72445_38_TACGCTGCCGTCTAAT_L001_merged_trimmed_filtered;e4032057142_NBCLAB3519_UPG84_sand2_for49_EG005_C_F6_EG005_6_72445_45_ATGCGCAGCTAAGCCT_L001_merged_trimmed_filtered;e4032057143_NBCLAB3917_Zoo_tank1_hete7_EG005_C_F12_EG005_6_72445_93_TCGACGTCCTAAGCCT_L001_merged_trimmed_filtered;e4032057143_NBCLAB3917_Zoo_tank1_hete7_EG005_C_F7_EG005_6_72445_53_TAGCGCTCCTAAGCCT_L001_merged_trimmed_filtered;e4032057148_NBCLAB3472_UPG78_rf3_for2_EG005_C_B3_EG005_6_72445_17_GCGTAGTATATCCTCT_L001_merged_trimmed_filtered;e4032057148_NBCLAB3472_UPG78_rf3_for2_EG006_D_A9_EG005_6_72445_158_CCTAAGACTCGACTAG_L001_merged_trimmed_filtered;e4032057150_NBCLAB3488_UPG71_33_for18_EG006_D_F10_EG005_6_72445_171_CGATCAGTAAGGCTAT_L001_merged_trimmed_filtered;e4032057151_NBCLAB3496_UPG71_rf4_for26_EG005_C_H3_EG005_6_72445_23_GCGTAGTATCTCTCCG_L001_merged_trimmed_filtered;e4032057152_NBCLAB3504_UPG80_rf1_for34_EG005_C_H4_EG005_6_72445_31_CGGAGCCTTCTCTCCG_L001_merged_trimmed_filtered;e4032057154_NBCLAB3520_UPG84_sand2_for50_EG005_C_G6_EG005_6_72445_46_ATGCGCAGCGTCTAAT_L001_merged_trimmed_filtered;e4032057155_NBCLAB3918_Zoo_tank1_hete8_EG005_C_G7_EG005_6_72445_54_TAGCGCTCCGTCTAAT_L001_merged_trimmed_filtered;e4032057160_NBCLAB3473_UPG78_rf3_for3_EG005_C_C3_EG005_6_72445_18_GCGTAGTAGTAAGGAG_L001_merged_trimmed_filtered;e4032057160_NBCLAB3473_UPG78_rf3_for3_EG006_D_B9_EG005_6_72445_159_CCTAAGACTTCTAGCT_L001_merged_trimmed_filtered;e4032057161_NBCLAB3481_UPG71_33_for11_EG006_D_G9_EG005_6_72445_164_CCTAAGACGAGCCTTA_L001_merged_trimmed_filtered;e4032057162_NBCLAB3489_UPG71_33_for19_EG006_D_G10_EG005_6_72445_172_CGATCAGTGAGCCTTA_L001_merged_trimmed_filtered;e4032057163_NBCLAB3497_UPG71_rf4_for27_EG005_C_A4_EG005_6_72445_24_CGGAGCCTCTCTCTAT_L001_merged_trimmed_filtered;e4032057164_NBCLAB3505_UPG80_rf1_for35_EG005_C_A5_EG005_6_72445_32_TACGCTGCCTCTCTAT_L001_merged_trimmed_filtered;e4032057166_NBCLAB3911_Zoo_tank1_hete1_EG005_C_H6_EG005_6_72445_47_ATGCGCAGTCTCTCCG_L001_merged_trimmed_filtered;e4032057167_NBCLAB3919_Zoo_tank1_hete9_EG005_C_H7_EG005_6_72445_55_TAGCGCTCTCTCTCCG_L001_merged_trimmed_filtered;e4032057172_NBCLAB3474_UPG78_rf3_for4_EG005_C_D3_EG005_6_72445_19_GCGTAGTAACTGCATA_L001_merged_trimmed_filtered;e4032057172_NBCLAB3474_UPG78_rf3_for4_EG006_D_C9_EG005_6_72445_160_CCTAAGACCCTAGAGT_L001_merged_trimmed_filtered;e4032057173_NBCLAB3482_UPG71_33_for12_EG006_D_H9_EG005_6_72445_165_CCTAAGACTTATGCGA_L001_merged_trimmed_filtered;e4032057174_NBCLAB3490_UPG71_33_for20_EG006_D_H10_EG005_6_72445_173_CGATCAGTTTATGCGA_L001_merged_trimmed_filtered;e4032057175_NBCLAB3498_UPG71_rf4_for28_EG005_C_B4_EG005_6_72445_25_CGGAGCCTTATCCTCT_L001_merged_trimmed_filtered;e4032057176_NBCLAB3506_UPG80_rf1_for36_EG005_C_B5_EG005_6_72445_33_TACGCTGCTATCCTCT_L001_merged_trimmed_filtered;e4032057177_NBCLAB3514_UPG84_sand2_for44_EG005_C_H5_EG005_6_72445_39_TACGCTGCTCTCTCCG_L001_merged_trimmed_filtered;e4032057178_NBCLAB3912_Zoo_tank1_hete2_EG005_C_A7_EG005_6_72445_48_TAGCGCTCCTCTCTAT_L001_merged_trimmed_filtered;e4032057179_NBCLAB3920_Zoo_tank1_hete10_EG005_C_A8_EG005_6_72445_56_ACTGAGCGCTCTCTAT_L001_merged_trimmed_filtered;e4032057184_NBCLAB3475_UPG78_rf3_for5_EG006_D_D9_EG005_6_72445_161_CCTAAGACGCGTAAGA_L001_merged_trimmed_filtered;e4032057185_NBCLAB3483_UPG71_33_for13_EG006_D_A10_EG005_6_72445_166_CGATCAGTTCGACTAG_L001_merged_trimmed_filtered;e4032057186_NBCLAB3491_UPG71_33_for21_EG006_D_A11_EG005_6_72445_174_TGCAGCTATCGACTAG_L001_merged_trimmed_filtered;e4032057187_NBCLAB3499_UPG71_rf4_for29_EG005_C_C4_EG005_6_72445_26_CGGAGCCTGTAAGGAG_L001_merged_trimmed_filtered;e4032057188_NBCLAB3507_UPG80_rf1_for37_EG005_C_C5_EG005_6_72445_34_TACGCTGCGTAAGGAG_L001_merged_trimmed_filtered;e4032057189_NBCLAB3515_UPG84_sand2_for45_EG005_C_A6_EG005_6_72445_40_ATGCGCAGCTCTCTAT_L001_merged_trimmed_filtered;e4032057190_NBCLAB3913_Zoo_tank1_hete3_EG005_C_B7_EG005_6_72445_49_TAGCGCTCTATCCTCT_L001_merged_trimmed_filtered;e4032057196_NBCLAB3476_UPG78_rf3_for6_EG005_C_E3_EG005_6_72445_20_GCGTAGTAAAGGAGTA_L001_merged_trimmed_filtered;e4032057196_NBCLAB3476_UPG78_rf3_for6_EG006_D_E9_EG005_6_72445_162_CCTAAGACCTATTAAG_L001_merged_trimmed_filtered;e4032057197_NBCLAB3484_UPG71_33_for14_EG006_D_B10_EG005_6_72445_167_CGATCAGTTTCTAGCT_L001_merged_trimmed_filtered;e4032057198_NBCLAB3492_UPG71_33_for22_EG006_D_B11_EG005_6_72445_175_TGCAGCTATTCTAGCT_L001_merged_trimmed_filtered;e4032057199_NBCLAB3500_UPG71_rf4_for30_EG005_C_D4_EG005_6_72445_27_CGGAGCCTACTGCATA_L001_merged_trimmed_filtered;e4032057200_NBCLAB3508_UPG80_rf1_for38_EG005_C_D5_EG005_6_72445_35_TACGCTGCACTGCATA_L001_merged_trimmed_filtered;e4032057201_NBCLAB3516_UPG84_sand2_for46_EG005_C_B6_EG005_6_72445_41_ATGCGCAGTATCCTCT_L001_merged_trimmed_filtered;e4032057202_NBCLAB3914_Zoo_tank1_hete4_EG005_C_C7_EG005_6_72445_50_TAGCGCTCGTAAGGAG_L001_merged_trimmed_filtered;e4032057209_NBCLAB3485_UPG71_33_for15_EG006_D_C10_EG005_6_72445_168_CGATCAGTCCTAGAGT_L001_merged_trimmed_filtered;e4032057211_NBCLAB3501_UPG80_rf1_for31_EG005_C_E4_EG005_6_72445_28_CGGAGCCTAAGGAGTA_L001_merged_trimmed_filtered;e4032057212_NBCLAB3509_UPG80_rf1_for39_EG005_C_E5_EG005_6_72445_36_TACGCTGCAAGGAGTA_L001_merged_trimmed_filtered;e4032057213_NBCLAB3517_UPG84_sand2_for47_EG005_C_C6_EG005_6_72445_42_ATGCGCAGGTAAGGAG_L001_merged_trimmed_filtered;e4032057214_NBCLAB3915_Zoo_tank1_hete5_EG005_C_D7_EG005_6_72445_51_TAGCGCTCACTGCATA_L001_merged_trimmed_filtered;e4032057214_NBCLAB3915_Zoo_tank1_hete5_EG006_D_F2_EG005_6_72445_107_GGAGCTACAAGGCTAT_L001_merged_trimmed_filtered;e4032057220_NBCLAB3478_UPG78_rf3_for8_EG005_C_F3_EG005_6_72445_21_GCGTAGTACTAAGCCT_L001_merged_trimmed_filtered;e4032057220_NBCLAB3478_UPG78_rf3_for8_EG006_D_F9_EG005_6_72445_163_CCTAAGACAAGGCTAT_L001_merged_trimmed_filtered;e4032057221_NBCLAB3486_UPG71_33_for16_EG006_D_D10_EG005_6_72445_169_CGATCAGTGCGTAAGA_L001_merged_trimmed_filtered;e4032057222_NBCLAB3494_UPG71_rf4_for24_EG006_D_C11_EG005_6_72445_176_TGCAGCTACCTAGAGT_L001_merged_trimmed_filtered;e4032057223_NBCLAB3502_UPG80_rf1_for32_EG005_C_F4_EG005_6_72445_29_CGGAGCCTCTAAGCCT_L001_merged_trimmed_filtered;e4032057224_NBCLAB3510_UPG80_rf1_for40_EG005_C_F5_EG005_6_72445_37_TACGCTGCCTAAGCCT_L001_merged_trimmed_filtered;e4032057225_NBCLAB3518_UPG84_sand2_for48_EG005_C_D6_EG005_6_72445_43_ATGCGCAGACTGCATA_L001_merged_trimmed_filtered;e4032057226_NBCLAB3916_Zoo_tank1_hete6_EG005_C_E10_EG005_6_72445_76_CGATCAGTAAGGAGTA_L001_merged_trimmed_filtered;e4032057226_NBCLAB3916_Zoo_tank1_hete6_EG005_C_E7_EG005_6_72445_52_TAGCGCTCAAGGAGTA_L001_merged_trimmed_filtered;e4057165205_NBCLAB3702_UPG93_rf3_for9_EG005_C_E8_EG005_6_72445_60_ACTGAGCGAAGGAGTA_L001_merged_trimmed_filtered;e4057165206_NBCLAB3710_UPG90_sand3_for17_EG005_C_E9_EG005_6_72445_68_CCTAAGACAAGGAGTA_L001_merged_trimmed_filtered;e4057165207_NBCLAB3718_UPG90_sand3_for25_EG005_C_F10_EG005_6_72445_77_CGATCAGTCTAAGCCT_L001_merged_trimmed_filtered;e4057165208_NBCLAB3726_UPG90_sand2_for33_EG005_C_F11_EG005_6_72445_85_TGCAGCTACTAAGCCT_L001_merged_trimmed_filtered;e4057165210_NBCLAB3742_UPG90_sand2_for49_EG006_D_A1_EG005_6_72445_94_ACTCGCTATCGACTAG_L001_merged_trimmed_filtered;e4057165211_NBCLAB3750_UPG78_rf3_for57_EG006_D_F1_EG005_6_72445_99_ACTCGCTAAAGGCTAT_L001_merged_trimmed_filtered;e4057165217_NBCLAB3703_UPG93_rf3_for10_EG005_C_F8_EG005_6_72445_61_ACTGAGCGCTAAGCCT_L001_merged_trimmed_filtered;e4057165218_NBCLAB3711_UPG90_sand3_for18_EG005_C_F9_EG005_6_72445_69_CCTAAGACCTAAGCCT_L001_merged_trimmed_filtered;e4057165219_NBCLAB3719_UPG90_sand3_for26_EG005_C_G10_EG005_6_72445_78_CGATCAGTCGTCTAAT_L001_merged_trimmed_filtered;e4057165220_NBCLAB3727_UPG90_sand2_for34_EG005_C_G11_EG005_6_72445_86_TGCAGCTACGTCTAAT_L001_merged_trimmed_filtered;e4057165222_NBCLAB3743_UPG90_sand2_for50_EG006_D_B1_EG005_6_72445_95_ACTCGCTATTCTAGCT_L001_merged_trimmed_filtered;e4057165223_NBCLAB3751_UPG78_rf3_for58_EG006_D_G1_EG005_6_72445_100_ACTCGCTAGAGCCTTA_L001_merged_trimmed_filtered;e4057165224_NBCLAB3759_UPG93_rf4_for66_EG006_D_B2_EG005_6_72445_103_GGAGCTACTTCTAGCT_L001_merged_trimmed_filtered;e4057165229_NBCLAB3704_UPG93_rf3_for11_EG005_C_G8_EG005_6_72445_62_ACTGAGCGCGTCTAAT_L001_merged_trimmed_filtered;e4057165230_NBCLAB3712_UPG90_sand3_for19_EG005_C_G9_EG005_6_72445_70_CCTAAGACCGTCTAAT_L001_merged_trimmed_filtered;e4057165231_NBCLAB3720_UPG90_sand3_for27_EG005_C_H10_EG005_6_72445_79_CGATCAGTTCTCTCCG_L001_merged_trimmed_filtered;e4057165235_NBCLAB3752_UPG78_rf3_for59_EG006_D_H1_EG005_6_72445_101_ACTCGCTATTATGCGA_L001_merged_trimmed_filtered;e4057165236_NBCLAB3760_UPG93_rf4_for67_EG006_D_C2_EG005_6_72445_104_GGAGCTACCCTAGAGT_L001_merged_trimmed_filtered;e4057165241_NBCLAB3705_UPG93_rf3_for12_EG005_C_H8_EG005_6_72445_63_ACTGAGCGTCTCTCCG_L001_merged_trimmed_filtered;e4057165242_NBCLAB3713_UPG90_sand3_for20_EG005_C_H9_EG005_6_72445_71_CCTAAGACTCTCTCCG_L001_merged_trimmed_filtered;e4057165243_NBCLAB3721_UPG90_sand2_for28_EG005_C_A11_EG005_6_72445_80_TGCAGCTACTCTCTAT_L001_merged_trimmed_filtered;e4057165245_NBCLAB3737_UPG71_33_for44_EG005_C_B12_EG005_6_72445_89_TCGACGTCTATCCTCT_L001_merged_trimmed_filtered;e4057165247_NBCLAB3753_UPG78_rf3_for60_EG006_D_A2_EG005_6_72445_102_GGAGCTACTCGACTAG_L001_merged_trimmed_filtered;e4057165248_NBCLAB3761_UPG93_rf4_for68_EG006_D_D2_EG005_6_72445_105_GGAGCTACGCGTAAGA_L001_merged_trimmed_filtered;e4057165253_NBCLAB3706_UPG93_rf3_for13_EG005_C_A9_EG005_6_72445_64_CCTAAGACCTCTCTAT_L001_merged_trimmed_filtered;e4057165254_NBCLAB3714_UPG90_sand3_for21_EG005_C_A10_EG005_6_72445_72_CGATCAGTCTCTCTAT_L001_merged_trimmed_filtered;e4057165255_NBCLAB3722_UPG90_sand2_for29_EG005_C_B11_EG005_6_72445_81_TGCAGCTATATCCTCT_L001_merged_trimmed_filtered;e4057165256_NBCLAB3730_UPG71_33_for37_EG005_C_H11_EG005_6_72445_87_TGCAGCTATCTCTCCG_L001_merged_trimmed_filtered;e4057165258_NBCLAB3746_UPG72_12_for53_EG006_D_C1_EG005_6_72445_96_ACTCGCTACCTAGAGT_L001_merged_trimmed_filtered;e4057165260_NBCLAB3762_UPG93_rf4_for69_EG006_D_E2_EG005_6_72445_106_GGAGCTACCTATTAAG_L001_merged_trimmed_filtered;e4057165264_NBCLAB3699_UPG93_rf3_for6_EG005_C_B8_EG005_6_72445_57_ACTGAGCGTATCCTCT_L001_merged_trimmed_filtered;e4057165265_NBCLAB3707_UPG93_rf3_for14_EG005_C_B9_EG005_6_72445_65_CCTAAGACTATCCTCT_L001_merged_trimmed_filtered;e4057165266_NBCLAB3715_UPG90_sand3_for22_EG005_C_B10_EG005_6_72445_73_CGATCAGTTATCCTCT_L001_merged_trimmed_filtered;e4057165267_NBCLAB3723_UPG90_sand2_for30_EG005_C_C11_EG005_6_72445_82_TGCAGCTAGTAAGGAG_L001_merged_trimmed_filtered;e4057165268_NBCLAB3731_UPG71_33_for38_EG005_C_A12_EG005_6_72445_88_TCGACGTCCTCTCTAT_L001_merged_trimmed_filtered;e4057165269_NBCLAB3739_UPG71_33_for46_EG005_C_C12_EG005_6_72445_90_TCGACGTCGTAAGGAG_L001_merged_trimmed_filtered;e4057165276_NBCLAB3700_UPG93_rf3_for7_EG005_C_C8_EG005_6_72445_58_ACTGAGCGGTAAGGAG_L001_merged_trimmed_filtered;e4057165277_NBCLAB3708_UPG93_rf3_for15_EG005_C_C9_EG005_6_72445_66_CCTAAGACGTAAGGAG_L001_merged_trimmed_filtered;e4057165278_NBCLAB3716_UPG90_sand3_for23_EG005_C_C10_EG005_6_72445_74_CGATCAGTGTAAGGAG_L001_merged_trimmed_filtered;e4057165279_NBCLAB3724_UPG90_sand2_for31_EG005_C_D11_EG005_6_72445_83_TGCAGCTAACTGCATA_L001_merged_trimmed_filtered;e4057165281_NBCLAB3740_UPG71_33_for47_EG005_C_D12_EG005_6_72445_91_TCGACGTCACTGCATA_L001_merged_trimmed_filtered;e4057165282_NBCLAB3748_UPG72_12_for55_EG006_D_D1_EG005_6_72445_97_ACTCGCTAGCGTAAGA_L001_merged_trimmed_filtered;e4057165288_NBCLAB3701_UPG93_rf3_for8_EG005_C_D8_EG005_6_72445_59_ACTGAGCGACTGCATA_L001_merged_trimmed_filtered;e4057165289_NBCLAB3709_UPG90_sand3_for16_EG005_C_D9_EG005_6_72445_67_CCTAAGACACTGCATA_L001_merged_trimmed_filtered;e4057165290_NBCLAB3717_UPG90_sand3_for24_EG005_C_D10_EG005_6_72445_75_CGATCAGTACTGCATA_L001_merged_trimmed_filtered;e4057165291_NBCLAB3725_UPG90_sand2_for32_EG005_C_E11_EG005_6_72445_84_TGCAGCTAAAGGAGTA_L001_merged_trimmed_filtered;e4057165293_NBCLAB3741_UPG90_sand2_for48_EG005_C_E12_EG005_6_72445_92_TCGACGTCAAGGAGTA_L001_merged_trimmed_filtered;e4057165294_NBCLAB3749_UPG78_rf3_for56_EG006_D_E1_EG005_6_72445_98_ACTCGCTACTATTAAG_L001_merged_trimmed_filtered
Otu001;4;0;1;64;2;0;8;6;1;0;0;0;0;0;5;0;2;2;7;0;0;54000;5;3;7;0;4;3;0;0;0;5;7;0;1;3;1;1;1;3;13579;26;0;1;0;0;2;2;35885;53378;3;1;2;1;1;17;1;39025;13611;4;0;1;0;8;2;58425;2;4;12;0;0;1;1;0;0;22;0;0;0;0;4;1;2;8;2;0;0;0;0;0;2;2;1;0;0;0;0;2;13;0;0;1;0;0;3;6;2;2;0;1;0;1;5;2;0;0;0;6;309;2;1;8;0;1;0;1;3;0;0;41592;8174;0;1;3;4;44831;5;1;3;1;0;41715;49896;5;0;0;53352;34077;2;0;2;6;23519;32567;0;7;0;2;9629;35912;29949;0;0;0;0;36464;26606;1;0;0;0;38800;14368;0;0;0;6
Otu002;4;0;0;1;0;4245;0;2;1;0;2;0;0;0;0;1;1;4;8;0;0;0;4;0;1;4;2;5;0;0;0;0;2;2;2;2;0;1;0;1;0;2;1;3;5;0;2;2;2;0;0;4;2;0;0;0;4;0;1;0;0;1;0;2;0;1;2;30451;58704;0;0;1995;0;1;1;26079;53195;0;1;0;2;0;29388;49313;2;1;1;0;1;1;27560;39414;7;0;2;1;1;1;0;49283;0;1;0;0;0;2;6;4;0;9;1;1;0;1;0;0;0;0;0;3;35750;39615;1;0;0;1;4;0;0;1;0;1;1;4;16023;4;1;1;2;3;61215;3;0;0;1;51043;2;3;3;0;0;44506;1;2;0;0;0;6;0;0;2;0;0;0;0;2;0;1;0;1;4;3;3;2;0;0;26
Otu003;0;0;0;1;0;4;1;1;1;11;0;0;8694;7653;0;0;0;0;0;1;26268;3;1;1;0;1;0;0;0;0;66608;0;2;0;0;0;6;3;0;2816;2;0;16;0;0;1;62204;4;4;0;0;0;1;0;0;0;46715;0;0;0;0;0;26893;1;2;0;0;0;1;0;0;42899;29689;0;0;1;8;0;4;0;43465;5;931;0;0;0;0;4;14;1;0;0;1;0;0;2;32140;0;1;0;0;0;4;1;43114;0;0;1;0;0;0;1;42163;0;1;0;3;34662;1;0;0;0;0;0;0;1;34051;0;0;0;0;7;0;0;1;1;0;0;2;0;3;0;27;0;0;3;0;11;0;0;1;0;0;0;0;1;3658;2;0;1;0;0;1;0;0;2;1;0;0;0;0;0;3;307;0;0;0
Otu004;1;5;0;16;1;0;1;2;1;0;0;1;0;0;1;0;4;3;3;1;0;1;0;0;1;0;1;0;2;0;0;0;0;2;0;5;2;0;0;2;3;0;0;2;1;0;1;1;0;0;2;0;1;0;2;0;2;1;1;1;1;0;0;1;0;0;0;3;3;51055;0;0;0;0;0;0;0;3825;0;0;0;0;3;1;1;51859;11;0;0;0;3;1;1;48740;0;0;0;0;10;1;0;58294;1;1;3;0;1;0;5;51131;0;0;0;1;51955;1;0;4;0;0;0;0;11626;2;0;0;7;0;0;7;0;0;1;9;0;0;0;1;1;1;1;2;0;0;0;3;0;0;0;405;1;4;0;0;2;2;1;1;0;0;0;2;30477;17729;1;4;1;3;18574;0;0;3;1;4;3660;0;3
Otu005;2;0;30758;0;0;1;0;2;0;12;2;29531;2;2;0;1;7;1;1;0;0;0;3;0;0;18127;20535;0;2;21433;0;3;4;1;25759;12357;18531;13601;22756;0;0;1;23332;22893;1;2295;1;1;3;0;1;10;2;0;1689;18852;0;0;0;0;1;2810;1;1;0;0;0;6;0;0;2;2;8;0;2;2;0;0;2;0;4;1;2;1;0;0;0;2;4;1;2;0;0;2;1;1;1;2;0;0;1;0;1;1;3;1;2;0;0;0;2;0;2;0;0;1;1;5;1;0;3;0;1;0;3;1;1;0;1;0;0;3;14607;0;0;0;0;15026;14063;4;3;0;1;0;2;1;0;0;13824;167;2;1;0;1;13562;3;11843;0;0;4;0;15237;1;4292;5;1;1;17509;3;1;1;0;0;15378;305;0;1
Otu006;28139;7534;0;2;0;2;0;20382;36316;14209;16699;2;0;2;2;1;29984;29163;25613;41524;0;0;2;0;0;4;8;4108;29718;0;0;0;17774;4135;1;2;1;2;0;1;0;0;3;5;24446;0;0;1;1;0;1;7;0;2838;0;0;0;1;0;0;37450;0;1;0;0;0;1;1;2;0;0;0;0;0;0;0;1;0;2;0;0;0;1;1;0;0;1;1;0;0;0;0;0;0;0;1;0;0;0;0;0;0;0;1;0;0;3;0;0;0;1;0;2;0;0;2;0;0;1;1;1;0;0;0;0;0;0;0;0;0;0;0;0;2;16;0;0;0;0;3;0;0;0;0;0;6;0;0;1;0;0;2;1;0;1;1;0;2;1;1;0;0;0;1;0;0;0;0;0;0;2;0;6;0;0;0;2
Otu007;0;1;0;38464;2499;0;2;3;1;0;1;0;0;2;32659;10764;2;0;1;2;0;5;34247;48844;0;2;2;1;0;0;0;52132;4;0;0;0;0;0;0;0;0;0;0;0;1;0;7;58893;8;2;2;0;0;0;0;0;1;0;2;0;0;1;0;33167;43390;3;0;0;0;2;0;0;0;0;0;0;0;0;0;0;1;3;0;0;0;0;0;0;1;0;0;0;1;1;0;0;0;0;0;0;0;0;2;0;0;2;0;0;0;0;0;0;1;3;0;0;0;8;2;23;2;0;0;0;0;0;3;0;0;0;0;0;2;0;2;1;0;0;0;1;0;3;0;0;0;1;1;0;0;0;0;0;0;0;0;0;0;0;3;0;0;0;1;0;0;2;0;0;1;0;0;5;1;1;0;0;1
Otu008;0;0;0;0;0;4132;42017;0;0;6;0;0;0;0;0;0;0;2;0;2;2;0;2;1;35855;0;1;1;0;1;0;0;2;0;0;0;0;0;0;0;1;43711;0;2;0;0;0;0;1;0;41178;26240;47838;1;0;0;0;0;0;24078;0;2;0;0;0;0;10676;0;2;0;0;0;0;0;0;0;0;0;0;0;0;0;0;0;0;0;0;0;2;0;0;0;0;0;0;1;0;0;2;0;0;0;0;0;0;1;0;1;0;0;0;0;0;0;0;0;0;0;0;0;0;0;0;0;0;0;0;0;0;1;0;0;0;0;1;0;0;0;0;2;3;0;1;0;0;0;0;2;0;0;1;0;0;0;0;0;0;0;0;2;0;0;0;0;0;0;0;0;0;0;0;0;0;0;0;0;2
Otu009;9;0;0;1;0;1650;0;3;0;4;0;0;0;0;4;0;10;0;1;0;0;0;8;0;0;4;0;0;0;0;0;0;1;0;0;7;10;0;0;0;0;0;12;0;0;0;0;1;1;0;0;3;0;0;0;0;0;1;0;0;0;0;0;3;1;0;0;0;0;0;1;0;7;18059;17943;1;0;0;0;0;6;20366;2;0;0;0;0;0;20549;12;1;0;0;0;0;0;0;6;22249;0;0;0;0;0;8;21600;0;0;0;0;0;0;4;16739;0;0;0;11;21966;15397;1;0;0;0;1;0;3;9;8;0;1;4;4;0;0;3;265;1;1;0;0;0;1;0;0;0;0;0;0;2;1;0;0;1;1;2;2;0;0;1;0;0;0;1;0;4;0;0;0;13;0;2;0;0;1;0;0
Otu010;2;1;0;0;0;0;0;0;0;0;0;0;0;0;0;0;1;2;0;0;0;0;0;0;2;0;0;0;0;0;0;1;6;0;0;0;0;0;0;0;0;0;0;0;0;0;0;0;0;0;0;4;2;0;0;0;0;0;0;0;0;0;0;1;0;0;0;0;0;0;0;0;1;1;0;2;0;2;1;1;2;0;1;0;41282;0;0;0;0;0;0;0;4242;0;1;5;0;0;0;1;34807;2;0;1;10;3;0;1;1680;0;0;0;7794;1;0;0;0;1;0;0;0;1;1;0;0;0;0;0;0;0;1389;12;0;2;0;0;1;1;0;0;5;0;0;0;3;0;0;0;0;131;2;0;0;0;1;26321;0;0;0;1;0;2;1;1;17838;1;1;1;0;1;0;0;408;0;1;2;0
Otu011;7;0;0;0;0;0;0;0;0;0;0;0;0;0;0;0;0;0;7;0;0;0;0;0;0;0;0;0;1;0;0;0;0;0;0;5;0;0;0;0;0;0;0;0;0;0;0;0;0;0;0;0;0;1;1;0;0;0;0;0;1;0;0;6;0;0;0;7;0;0;3;0;0;0;0;0;0;0;22;0;0;0;6;0;0;0;37954;0;0;0;0;0;0;0;26;0;0;0;11;0;0;0;102199;2;13;0;0;0;0;0;17;0;0;0;0;5;0;8;0;0;0;0;0;6956;1;0;0;0;0;0;0;0;0;0;0;0;0;0;0;0;0;0;0;0;0;0;0;0;0;64;0;0;0;0;2;0;1;0;0;0;0;0;2;0;0;8;2;2;0;0;0;0;0;0;0;0;0
Otu012;0;0;0;0;0;0;2;1;0;0;0;0;0;0;0;0;0;0;0;0;0;0;0;0;0;0;0;19;0;0;0;0;0;1;0;1;0;0;0;0;0;0;0;0;0;0;0;0;0;0;0;0;0;0;0;0;0;0;0;0;0;0;0;0;0;0;0;0;0;0;0;0;0;0;0;1;0;0;0;0;0;0;1302;0;0;0;0;0;0;0;0;0;0;0;0;0;0;0;0;0;0;0;0;0;0;0;29972;20310;0;0;0;0;0;0;0;0;0;0;0;0;7;0;0;0;0;0;0;0;0;1;1;0;0;0;0;0;0;0;0;0;0;0;0;0;0;0;0;0;0;0;0;0;0;0;0;0;0;0;2;0;0;0;0;0;0;0;0;0;0;0;0;0;0;0;0;0;54784
Otu013;4;0;0;0;0;2;0;0;0;3;0;0;10;0;4;0;6;0;2;0;0;0;1;0;0;9;0;0;0;0;0;0;10;0;0;4;2;0;0;0;0;0;0;0;0;0;0;0;0;0;0;4;0;0;0;0;0;0;0;0;0;6;0;0;0;0;0;0;0;0;1;0;16;0;0;2;83;0;8;14150;0;0;0;0;0;0;0;11266;1;0;0;0;0;0;1;15426;0;0;4;0;0;0;0;14269;2;1;4;0;0;0;0;0;12;0;0;18673;15539;1;0;0;0;0;0;0;17548;16129;0;3;0;4;2;0;0;0;0;1;0;0;0;0;0;0;0;1;0;0;0;0;1;0;0;0;0;0;0;0;0;0;0;0;1;0;0;0;0;1;0;0;0;0;0;0;0;0;2;0;0
Otu014;0;0;0;0;0;3;0;0;0;5;0;0;0;0;2;0;32;0;5;0;0;0;0;0;0;0;0;0;0;0;0;0;0;0;0;15;17;0;0;0;0;0;0;0;0;0;0;0;0;9;0;0;0;0;0;0;0;0;0;0;0;0;0;0;0;0;0;1;0;0;0;0;0;5;9;0;0;7;0;0;0;3;0;0;0;0;0;2;7;20619;0;0;0;0;0;0;0;22055;6;0;0;0;0;0;19;1;4;0;1;0;0;0;0;1;0;1;0;0;0;0;0;0;0;0;0;0;0;15318;20564;3;1;2;0;0;0;0;0;1;0;0;0;0;0;0;1;0;0;2;0;1;0;0;0;1;1;0;2;0;0;0;0;1;0;1;0;0;0;0;0;0;0;0;0;0;1;0;0
Otu015;0;0;0;0;0;0;0;0;0;2;0;0;0;0;0;0;1;0;1;0;0;0;0;0;1;0;0;0;0;0;0;0;0;0;0;3;0;0;0;0;0;0;2;0;0;0;0;0;0;0;2;0;0;0;0;0;0;1;0;0;1;0;0;0;0;0;0;0;0;0;0;0;1511;0;0;0;0;0;0;0;0;0;0;0;0;0;0;0;0;0;0;0;0;0;0;0;0;1;0;0;0;0;0;0;0;0;0;0;0;0;0;0;0;0;0;0;0;0;0;0;0;0;0;0;0;0;1;0;0;0;1;1;1;39698;0;1;807;0;0;41598;0;0;0;0;0;1;0;0;0;8532;0;0;0;0;0;0;0;0;0;0;0;0;0;0;0;0;0;0;1;0;0;0;0;0;0;4;1
Otu016;0;0;0;1;0;11;0;0;0;2;1;0;0;0;0;0;0;0;0;0;0;0;1;0;0;0;1;0;0;0;0;0;1;0;0;0;0;20;0;0;0;0;0;0;0;0;0;0;0;0;0;6;0;0;0;0;0;0;0;0;0;1;0;0;0;0;0;0;0;0;0;0;0;0;0;47;0;0;25806;21;0;0;1;0;0;0;222;0;0;0;1;0;0;0;26312;0;0;0;0;0;0;0;324;0;1;1;0;0;0;0;23336;0;4;0;0;0;0;0;0;0;1;0;0;14;0;0;0;0;0;0;0;0;0;0;0;0;0;0;0;0;0;0;0;0;0;0;0;1;0;722;1;0;0;0;0;0;0;0;0;6;0;0;0;0;0;0;0;0;0;0;0;5;0;0;0;0;0
Otu017;2;0;0;0;0;0;0;0;0;1;0;0;0;0;0;0;0;0;0;0;0;0;0;0;0;1;0;0;0;0;0;0;0;0;0;1;0;0;0;0;0;0;0;1;0;0;0;0;0;0;0;0;0;0;0;0;0;0;0;0;0;0;0;0;0;0;1;0;0;0;0;0;0;0;0;0;0;0;0;0;0;0;0;0;0;0;0;0;0;0;0;0;0;0;0;0;0;0;0;0;0;0;0;0;0;0;0;0;0;0;0;0;0;0;0;0;0;0;0;0;0;0;0;0;0;0;0;0;0;0;0;0;0;0;0;0;0;0;0;1;1;0;0;1504;0;1;0;0;0;0;0;2;1;0;0;0;0;27885;0;0;0;0;0;0;0;0;0;0;0;0;34103;0;0;0;0;0;0
Otu018;0;0;0;0;0;1;0;0;0;21;0;0;0;0;0;0;0;0;0;0;0;0;3;0;0;23;0;0;0;0;0;0;3;0;0;1;0;0;0;0;0;0;0;0;0;0;0;0;0;0;0;0;0;0;0;0;0;0;0;0;0;0;0;0;0;0;0;0;0;0;0;0;10;0;1;0;0;0;2;1;0;0;0;0;2;0;0;0;5;3;0;0;0;0;0;0;0;0;0;0;0;0;0;0;0;0;0;0;0;0;0;0;0;0;0;0;0;0;0;0;0;0;0;0;0;3;0;6;0;0;0;27045;1;0;0;11;0;0;0;0;0;0;0;0;18637;0;0;0;1;99;0;0;0;0;1;63;1;0;0;0;0;2;0;0;1;0;0;2;0;0;0;0;0;1;77;0;0
Otu019;2;0;0;0;0;0;0;18;0;1;0;0;0;0;1;0;1;0;5;0;0;0;0;0;0;0;0;0;0;0;0;0;8;0;0;0;0;1;0;0;0;0;15;0;0;0;0;0;2;0;0;1;0;0;0;0;0;0;0;0;0;0;0;0;0;0;0;0;0;0;23047;3;0;0;0;0;0;0;0;0;2;0;0;0;0;0;1;0;0;0;0;0;0;0;1;1;0;0;0;0;0;0;0;0;0;0;0;0;0;0;0;21544;0;0;0;0;0;0;0;0;0;0;0;0;1;0;1;0;0;0;0;0;0;0;0;0;0;2;0;0;0;0;3;0;0;0;0;0;0;0;0;0;0;0;0;0;0;0;0;0;0;0;0;0;0;0;0;0;0;0;0;0;0;2;0;0;0
Otu020;0;0;0;0;0;0;0;0;0;0;0;0;0;0;0;0;0;0;0;0;0;0;0;0;0;0;0;0;0;0;0;0;2;0;0;0;0;0;0;0;0;0;0;0;0;0;0;0;0;0;0;6;0;0;0;0;0;0;0;0;0;0;1;0;0;0;0;0;0;0;0;15;0;0;0;3;0;0;0;0;0;0;13;0;0;0;0;0;0;0;0;0;0;0;0;0;0;0;0;0;0;0;0;0;1;0;0;0;0;0;0;0;8;0;0;0;0;0;0;0;0;0;0;0;0;0;1;0;0;0;0;0;0;0;0;0;0;0;0;0;0;0;0;0;0;0;0;0;0;0;41542;0;0;0;0;0;0;0;0;7;0;0;0;0;0;0;0;0;0;1;0;0;0;0;0;0;0
Otu021;0;0;0;0;0;0;0;0;0;0;0;0;0;0;0;0;0;0;0;0;0;0;0;0;0;0;0;0;0;0;0;0;0;0;0;0;0;5;0;0;0;0;16;0;0;0;0;0;3;0;0;0;0;0;0;0;0;0;0;0;0;0;0;0;0;0;0;0;0;0;1;3;0;0;0;0;0;0;0;0;5;1;0;0;0;0;0;0;0;0;0;0;0;0;0;0;0;0;0;0;0;4;0;0;0;0;0;0;0;0;0;0;0;0;0;0;0;0;0;0;0;0;0;0;0;0;0;0;0;0;0;0;0;0;0;0;1;0;1;0;0;0;5;26874;0;0;0;0;6;8;0;0;0;0;0;0;0;0;0;0;2;0;0;0;0;0;0;0;0;0;0;0;0;0;136;0;0
Otu022;0;0;0;0;0;0;0;0;0;0;0;0;0;0;0;0;0;0;0;0;0;0;1;0;0;5;0;0;0;0;0;0;0;0;0;0;0;0;0;0;0;0;0;0;0;0;0;0;0;0;0;0;0;0;0;0;0;0;0;0;0;0;0;0;0;0;0;0;0;0;0;0;1;0;0;0;0;0;0;0;0;0;0;0;0;0;0;0;0;0;0;0;0;0;0;0;0;0;0;0;0;0;0;0;0;0;0;0;0;0;0;0;0;0;0;0;0;0;0;0;0;0;0;0;1;0;0;0;0;0;0;5;0;0;0;0;22476;0;0;0;0;0;0;0;0;0;0;0;0;0;0;0;0;1;0;0;0;0;0;0;0;0;0;0;0;0;0;0;0;0;0;0;1;0;0;0;0
Otu023;0;0;0;0;0;0;0;0;0;0;0;0;0;0;0;0;0;0;0;0;0;0;0;0;0;0;0;0;0;0;0;0;0;0;0;1;0;0;0;0;0;0;0;0;0;0;0;0;0;0;0;0;0;0;0;0;0;0;0;0;0;0;0;0;0;0;0;1;0;38;0;0;0;0;0;0;0;0;0;0;0;0;0;0;0;0;0;0;0;0;0;0;0;0;0;0;0;0;1;0;0;0;0;0;1;0;0;0;0;0;0;0;0;0;0;0;0;0;0;0;0;0;0;0;0;0;0;0;0;0;0;1;0;0;0;1;545;0;0;0;0;0;1;0;0;0;0;0;0;16687;0;0;0;0;0;0;0;0;0;0;0;0;0;0;0;0;0;0;0;0;0;0;0;0;0;0;0
Otu024;0;0;0;0;0;0;0;0;0;0;0;0;0;0;0;0;0;0;0;0;0;0;0;0;0;0;0;0;0;0;0;0;0;0;0;0;0;0;0;0;0;0;0;0;0;0;0;0;0;0;0;0;0;0;0;0;0;0;0;0;0;0;0;0;0;0;0;0;0;0;0;0;0;0;0;0;0;0;0;0;0;0;0;0;0;0;0;0;0;0;0;0;0;0;0;0;0;0;0;0;0;0;0;0;0;0;0;0;0;0;0;0;0;0;0;0;0;0;1;0;0;0;0;0;0;0;1;0;0;0;0;0;0;0;0;0;0;0;0;0;0;0;0;0;0;0;0;0;0;0;0;0;0;0;0;0;0;0;0;0;0;0;0;0;0;0;0;0;0;12431;0;1;0;0;0;0;0
Otu025;0;0;0;0;0;0;0;0;0;0;0;0;0;0;0;0;1;0;0;0;0;0;0;0;0;0;0;0;0;0;0;0;0;0;0;0;1;0;0;0;0;0;0;0;0;0;0;0;0;0;0;0;0;0;0;0;0;0;0;0;0;0;0;0;0;0;0;0;0;0;0;0;0;4;0;0;0;0;0;0;0;0;0;0;0;0;0;0;0;0;0;0;0;0;0;0;0;0;0;0;0;0;0;0;0;0;0;0;0;0;0;0;0;0;0;0;1;0;0;0;0;0;0;0;0;0;0;0;1;0;0;0;0;77;0;0;0;0;0;0;0;0;0;0;0;0;0;0;0;0;0;0;0;0;0;0;0;0;0;0;0;0;0;0;0;0;0;0;0;6;0;0;0;0;3;12710;0
Otu026;0;0;0;0;0;0;0;3;0;0;0;0;0;0;0;0;0;0;0;0;0;0;0;0;0;0;0;0;0;0;0;0;0;0;0;0;0;0;0;0;0;0;0;0;0;0;0;0;0;0;0;0;0;0;0;0;0;0;0;0;0;0;0;0;0;0;0;0;0;0;0;0;0;0;0;0;0;0;0;0;0;0;0;0;0;0;0;0;0;0;0;0;0;0;0;0;0;0;0;0;0;0;0;0;0;0;0;0;0;0;0;0;0;0;0;0;0;0;2;0;0;0;0;0;0;0;1;0;0;0;0;0;0;0;0;0;0;0;0;0;0;0;0;0;0;0;0;0;0;0;0;0;0;0;0;0;0;0;0;0;0;0;0;0;0;0;0;0;0;0;0;1;12776;1;0;0;0
Otu027;0;0;0;0;0;0;0;0;0;0;0;0;0;0;1;0;1;0;0;0;0;0;0;0;0;0;0;0;0;0;0;0;0;0;0;0;1;0;0;0;0;0;0;0;0;0;0;0;0;0;0;0;0;0;0;0;0;0;0;0;0;0;0;0;0;0;0;0;0;0;0;0;0;0;0;0;0;0;0;0;0;0;0;0;0;0;0;0;0;0;0;0;0;0;0;0;0;0;0;1;0;0;0;0;0;0;2;0;0;0;0;0;0;0;0;0;0;0;0;0;0;0;0;0;0;0;0;0;0;3;5559;0;0;0;0;0;1;0;0;0;0;0;0;0;0;0;0;0;0;0;0;0;0;0;0;0;0;0;0;0;0;0;0;0;0;0;0;0;0;0;0;0;0;0;4;0;0
Otu028;0;0;0;0;0;0;0;1;0;0;0;0;0;0;0;0;0;0;0;0;0;0;2;0;0;8;0;0;2;0;0;0;0;0;0;0;0;0;0;0;0;0;0;0;0;0;0;0;0;0;0;0;0;0;0;0;0;0;0;0;0;0;0;2;0;0;0;0;0;0;0;0;4;0;0;0;0;0;0;0;0;0;0;0;0;0;0;0;0;0;0;0;0;0;0;0;0;0;0;0;0;0;0;0;0;0;0;0;0;0;0;0;0;0;0;0;0;0;0;0;0;0;0;0;2;0;0;0;0;0;0;2;0;0;0;0;4702;0;0;0;0;0;0;0;0;0;0;0;0;0;0;0;0;0;0;0;0;0;0;0;0;0;0;0;0;0;0;0;0;0;0;1;790;0;6;0;0
Otu029;0;0;0;0;0;1;0;0;0;2;0;0;0;0;0;0;0;0;0;0;1;0;0;0;0;0;0;0;0;0;0;0;0;0;0;0;0;0;0;0;0;0;0;0;0;0;0;0;0;0;0;0;0;0;0;0;0;0;0;0;0;0;0;0;0;0;0;0;0;0;0;0;0;0;0;0;0;0;2;0;0;0;0;0;0;0;0;0;0;0;0;0;0;0;0;0;4986;0;0;0;0;0;0;0;5;0;0;0;0;0;0;0;0;0;0;0;0;1;0;0;0;0;0;0;0;0;0;0;0;0;0;0;0;0;0;0;0;0;0;0;0;0;0;0;0;0;0;0;0;0;0;0;0;0;0;0;1;0;0;0;0;0;0;0;0;0;0;0;0;0;0;0;0;0;0;0;0
Otu030;0;0;0;0;0;0;0;0;0;0;0;0;0;0;1;0;1;0;0;0;0;0;0;0;0;0;0;0;0;0;0;0;0;0;0;0;1;0;0;0;0;0;0;0;0;0;0;0;0;0;0;0;0;0;0;0;0;0;0;0;0;0;0;0;0;0;0;0;0;0;0;0;0;0;0;0;0;0;0;0;0;0;0;0;0;0;0;0;0;0;0;0;0;0;0;0;0;0;0;0;0;0;0;0;0;0;0;0;0;0;0;0;0;0;0;0;0;0;0;0;0;1;0;0;0;0;0;0;0;0;2631;0;1;0;0;0;0;0;0;0;0;0;0;0;0;0;0;0;0;1;0;0;0;0;0;0;0;0;0;0;0;0;0;0;0;0;0;0;0;0;0;0;0;0;571;0;0
Otu031;0;0;0;0;0;0;0;0;0;0;0;0;0;0;0;0;0;0;0;0;0;0;0;0;0;0;0;0;0;0;0;0;0;0;0;0;0;0;0;0;0;0;1;0;0;0;0;0;1;0;0;0;0;0;0;0;0;0;0;0;0;0;0;0;0;0;0;0;0;0;0;0;0;0;0;0;0;0;0;0;0;0;0;0;0;0;0;0;0;0;0;0;0;0;0;0;0;0;0;0;0;0;0;0;0;0;0;0;0;0;0;0;0;0;0;0;0;0;0;0;0;0;0;0;0;0;0;0;0;0;0;0;0;0;0;0;0;0;0;0;0;0;1;3038;0;0;0;0;0;0;0;0;0;0;0;0;0;0;0;0;0;0;0;0;0;0;0;0;0;0;0;0;0;0;74;0;0
Otu032;0;0;0;0;0;0;0;1;0;0;0;0;0;0;0;0;0;0;0;0;0;0;0;0;0;0;0;0;0;0;0;0;0;0;0;0;0;0;0;0;0;0;0;0;0;0;0;0;0;0;0;0;0;0;0;0;0;0;0;0;0;0;0;0;0;0;0;0;0;0;0;0;0;0;0;0;0;0;0;0;0;0;0;0;0;0;0;0;0;0;0;0;0;0;0;0;0;0;0;0;0;0;0;0;0;0;0;0;0;0;0;1;0;0;0;0;0;0;2;0;0;0;0;0;0;0;0;0;0;0;0;0;0;0;0;0;0;0;0;0;0;0;0;0;0;0;0;0;0;0;0;0;0;0;0;0;0;0;0;0;0;0;0;0;0;0;0;0;1;0;0;0;2688;0;0;0;0
Otu033;0;0;0;0;0;0;0;0;0;0;0;0;0;0;0;0;0;0;0;0;0;0;0;0;0;0;0;0;0;0;0;0;0;0;0;0;1;0;0;0;0;0;0;0;0;0;0;0;0;0;0;0;0;0;0;0;0;0;0;0;0;0;0;0;0;0;0;0;0;0;0;0;2486;0;0;0;0;0;0;0;0;0;0;0;0;0;0;0;0;0;0;0;0;0;0;0;0;0;0;0;0;0;0;0;0;0;0;0;0;0;0;0;0;0;0;0;0;0;0;0;0;0;0;0;0;1;0;0;0;0;0;0;0;57;0;0;3;0;0;33;0;0;0;0;0;0;0;0;0;9;0;0;0;0;0;0;0;0;0;0;0;0;0;0;0;0;0;0;0;0;0;0;0;0;0;0;0
Otu034;0;0;0;0;0;0;0;0;0;0;0;0;0;0;1;0;2;0;0;0;0;0;0;0;0;0;0;0;0;0;0;0;0;0;0;0;3;0;0;0;0;0;0;0;0;0;0;0;0;0;0;0;0;0;0;0;0;0;0;0;0;0;0;0;0;0;0;0;0;0;0;0;0;0;0;0;0;0;0;0;0;0;0;0;0;0;0;0;0;0;0;0;0;0;0;0;0;0;0;0;0;0;0;0;0;0;0;0;0;0;0;0;0;0;0;0;1;0;0;0;0;0;0;0;0;0;0;0;0;2;0;0;1;0;0;0;8;0;0;0;0;0;0;0;0;0;0;0;0;0;0;0;0;0;0;0;0;0;0;0;0;0;0;0;0;0;0;0;0;0;0;0;9;0;1867;0;0
Otu035;0;0;0;0;0;0;0;0;0;0;0;0;0;0;0;0;0;0;0;0;0;0;0;0;0;0;0;0;0;0;0;0;0;0;0;0;0;0;0;0;0;0;0;0;0;0;0;0;0;0;0;0;0;0;0;0;0;0;0;0;0;0;0;0;0;0;0;0;0;0;0;0;0;0;0;0;0;0;0;0;0;0;0;0;0;0;0;0;0;0;0;0;0;0;0;0;0;0;0;0;0;0;0;0;0;0;0;0;0;0;0;0;0;0;0;0;0;0;0;0;0;0;0;0;0;0;0;0;0;0;0;0;0;0;0;0;0;0;0;0;0;0;0;0;0;0;0;0;0;0;0;0;0;0;0;0;0;0;0;0;0;0;0;1988;0;0;0;0;0;0;0;0;0;0;0;0;0
Otu036;0;0;0;0;0;0;0;0;0;0;0;0;0;0;0;0;0;0;0;0;0;0;0;0;0;0;0;0;0;0;0;0;0;0;0;0;0;0;0;0;0;0;0;0;0;0;0;0;0;0;0;0;0;0;0;0;0;0;0;0;0;0;0;0;0;0;0;0;0;0;0;0;0;0;0;0;0;0;0;0;0;0;0;0;0;0;0;0;0;0;0;0;0;0;0;0;0;0;0;7;0;0;0;0;0;0;0;0;0;0;0;0;0;0;0;0;0;0;0;0;0;1;0;0;0;0;0;0;1;0;1169;0;0;0;0;0;0;0;0;0;0;0;0;0;0;0;0;0;0;0;0;0;0;0;0;0;0;0;0;0;0;0;0;0;0;0;0;0;0;0;0;0;0;0;0;0;0
Otu037;0;0;0;0;0;0;0;0;0;0;0;0;0;0;0;0;0;0;0;0;0;0;0;0;0;0;0;0;0;0;0;0;0;0;0;0;0;0;0;0;0;0;0;0;0;0;0;0;0;0;0;0;0;0;0;0;0;0;0;0;0;0;0;0;0;0;0;0;0;0;0;0;0;0;0;0;0;0;0;0;1;0;0;0;0;0;0;0;0;0;0;0;0;0;0;0;0;0;0;0;0;0;0;0;0;0;0;0;0;0;0;0;0;0;0;0;0;0;0;0;0;0;0;0;0;0;0;0;0;0;0;0;0;0;0;0;0;0;0;0;0;0;0;959;0;0;0;0;0;0;0;0;0;0;0;0;0;0;0;0;0;0;0;0;0;0;0;0;0;0;0;0;0;0;0;0;0
Otu038;0;0;0;0;0;0;0;0;0;0;0;0;0;0;1;0;1;0;0;0;0;0;0;0;0;0;0;0;0;0;0;0;0;0;0;0;0;0;0;0;0;0;0;0;0;0;0;0;0;0;0;0;0;0;0;0;0;0;0;0;0;0;0;0;0;0;0;0;0;0;0;0;0;0;0;0;0;0;0;0;0;0;0;0;0;0;0;0;0;0;0;0;0;0;0;0;0;0;0;0;0;0;0;0;0;0;0;0;0;0;0;0;0;0;0;0;0;0;0;0;0;0;0;0;0;0;0;0;0;1;0;0;0;0;0;0;0;0;0;0;0;0;0;3;0;0;0;0;0;0;0;0;0;0;0;1;0;0;0;0;0;0;0;0;0;0;0;0;0;0;0;0;0;0;1007;0;0
Otu039;0;0;0;0;0;0;0;0;0;0;0;0;0;0;1;0;0;0;0;0;0;0;0;0;0;0;0;0;0;0;0;0;0;0;0;0;0;0;0;0;0;0;0;0;0;0;0;0;0;0;0;0;0;0;0;0;0;0;0;0;0;0;0;0;0;0;0;0;0;0;0;0;0;0;0;0;0;0;0;0;0;0;0;0;0;0;0;0;0;0;0;0;0;0;0;0;0;0;0;0;0;0;0;0;0;0;0;0;0;0;0;0;0;0;0;0;0;0;0;0;0;0;0;0;0;0;0;0;0;0;0;0;0;0;0;0;0;0;0;0;0;0;0;0;0;0;0;0;0;0;0;0;0;0;0;0;0;0;0;0;0;0;0;0;0;0;0;0;0;0;0;0;0;0;791;0;0
Otu040;0;0;0;0;0;0;0;0;0;0;0;0;0;0;0;0;0;0;0;0;0;0;0;0;0;0;0;0;0;0;0;0;0;0;0;0;0;0;0;0;0;0;0;0;0;0;0;0;0;0;0;0;0;0;0;0;0;0;0;0;0;0;0;0;0;0;0;0;0;0;0;0;0;0;0;0;0;0;0;0;0;0;0;0;0;0;0;0;0;0;0;0;0;0;0;0;0;0;0;0;0;0;0;0;0;0;0;0;0;0;0;0;0;0;0;0;0;0;0;0;0;0;0;0;0;0;0;0;0;0;0;0;0;0;0;0;0;0;0;0;0;0;0;0;0;0;0;0;0;0;0;0;0;0;0;0;0;0;0;0;0;0;0;0;0;0;0;0;0;0;0;0;769;0;0;0;0
Otu041;0;0;0;2;0;16;0;0;1;0;0;0;0;0;0;0;0;0;0;0;0;0;0;0;0;0;0;0;0;0;0;0;0;0;0;0;0;0;0;0;0;0;0;0;0;0;0;0;0;0;0;0;0;0;0;0;0;0;0;1;0;0;0;0;0;0;0;122;99;0;0;65;0;0;0;71;190;0;0;0;0;0;55;56;0;0;0;0;0;0;85;77;0;0;0;0;0;0;0;83;0;0;0;0;0;0;0;0;0;0;0;0;0;0;0;0;0;0;0;0;288;326;0;0;0;0;0;0;0;0;0;0;0;0;26;0;0;0;0;0;99;0;0;0;0;103;0;0;0;0;0;104;0;0;0;0;0;0;0;0;0;0;0;0;0;0;0;0;0;0;0;0;0;0;0;0;0
Otu042;0;0;0;0;0;1;2;0;0;0;0;0;0;0;0;0;0;0;0;0;0;0;0;0;584;0;0;0;0;0;0;0;0;0;0;0;0;0;0;0;0;2;0;0;0;0;0;0;0;0;1;0;5;0;0;0;0;0;0;1;0;0;0;0;0;0;0;0;0;0;0;0;0;0;0;0;0;0;0;0;0;0;0;0;0;0;0;0;0;0;0;0;0;0;0;0;0;0;0;0;0;0;0;0;0;0;0;0;0;0;0;0;0;0;0;0;0;0;0;0;0;0;0;0;0;0;0;0;0;0;0;0;0;0;0;0;0;0;0;0;0;0;0;0;0;0;0;0;0;0;0;0;0;0;0;0;0;0;0;0;0;0;0;0;0;0;0;0;0;0;0;0;0;0;0;0;0
Otu043;0;0;0;0;0;0;0;0;0;0;0;0;0;0;0;0;0;0;0;0;0;0;0;0;0;0;0;0;0;0;0;0;0;0;0;0;0;0;0;0;0;0;0;0;0;0;0;0;0;0;0;0;0;0;0;0;0;0;0;0;0;0;0;0;0;0;0;0;0;0;0;0;0;0;0;0;0;0;0;0;0;0;0;0;0;0;0;0;0;0;0;0;0;0;0;0;0;0;0;0;0;0;0;0;0;0;0;0;0;0;0;0;0;0;0;0;0;0;0;0;0;0;0;0;0;0;0;0;0;0;484;0;0;0;0;0;0;0;0;0;0;0;0;0;0;0;0;0;0;0;0;0;0;0;0;0;0;0;0;0;0;0;0;0;0;0;0;0;0;0;0;0;0;0;0;0;0
Otu044;0;0;0;0;0;0;0;0;0;0;0;0;0;0;0;0;0;0;0;0;0;0;0;0;0;0;0;0;0;0;0;0;0;0;0;0;0;0;0;0;0;0;1;0;0;0;0;0;0;0;0;0;0;0;0;0;0;0;0;0;0;0;0;0;0;0;0;0;0;0;0;439;0;0;0;0;0;0;0;0;0;0;0;0;0;0;0;0;0;0;0;0;0;0;0;0;0;0;0;0;0;0;0;0;0;0;0;0;0;0;0;0;0;0;0;0;1;0;0;0;0;0;0;0;0;0;0;0;0;0;0;0;0;0;0;0;0;0;0;0;0;0;0;0;0;0;0;0;0;0;0;0;0;0;0;0;0;0;0;0;0;0;0;0;0;0;0;0;0;0;0;0;0;0;0;0;0
Otu045;0;0;0;0;0;0;0;0;0;0;0;0;0;0;0;0;0;0;0;0;0;0;0;0;0;0;0;0;0;0;0;0;0;0;0;0;0;0;0;0;0;0;0;0;0;0;0;0;0;0;0;0;0;0;0;0;0;0;0;0;0;0;0;0;0;0;0;0;0;0;0;0;0;0;0;0;0;0;0;0;0;0;0;0;0;0;0;0;0;0;0;0;0;0;0;0;0;0;0;0;0;0;0;0;0;0;0;0;0;0;0;0;0;0;0;0;0;0;0;0;0;0;0;0;0;0;0;0;0;0;0;0;1;0;0;0;411;0;0;0;0;0;0;0;0;0;0;0;0;0;0;0;0;0;0;0;0;0;0;0;0;0;0;0;0;0;0;0;0;0;0;0;0;0;0;0;0
Otu046;0;0;0;0;0;0;0;0;0;0;0;0;0;0;0;0;0;0;0;0;0;0;0;0;0;0;0;0;0;0;0;0;0;0;0;0;0;0;0;0;0;0;0;0;0;0;0;0;0;0;0;0;0;0;0;0;0;0;0;0;0;0;0;0;0;0;0;0;0;0;0;0;0;0;0;4;0;0;0;0;0;0;0;0;0;0;0;0;0;0;0;0;0;0;0;0;0;0;0;351;0;0;0;0;0;0;0;0;0;0;0;0;0;0;0;0;0;0;0;0;0;0;0;0;0;0;0;0;0;0;0;0;0;0;0;0;0;0;0;0;0;0;0;0;0;0;0;0;0;0;0;0;0;0;0;0;0;0;0;0;0;0;0;0;0;0;0;0;0;0;0;0;0;0;0;0;0
Otu047;0;0;0;0;0;0;0;0;0;0;0;0;0;0;0;0;0;0;0;0;0;0;0;0;0;0;0;0;0;0;0;0;0;0;0;0;0;0;0;0;0;0;0;0;0;0;0;0;0;0;0;0;0;0;0;0;0;0;0;0;0;0;0;0;0;0;0;0;0;0;0;0;0;0;0;0;0;0;0;0;0;0;0;0;0;0;0;0;0;0;0;0;0;0;0;0;0;0;0;0;0;0;0;0;0;0;0;0;0;0;0;0;0;0;0;0;0;0;0;0;0;0;0;0;0;0;0;0;0;0;0;0;0;0;0;0;0;0;0;0;0;0;0;0;0;0;0;0;0;348;0;0;0;0;0;0;0;0;0;0;0;0;0;0;0;0;0;0;0;0;0;0;0;0;0;0;0
Otu048;0;0;0;0;0;0;0;0;0;0;0;0;0;0;0;0;0;0;0;0;0;0;0;0;0;0;0;0;0;0;0;0;0;0;0;0;1;0;0;0;0;0;0;0;0;0;0;0;0;0;0;0;0;0;0;0;0;0;0;0;0;0;0;0;0;0;0;0;0;0;0;0;0;0;0;0;0;0;0;0;0;0;0;0;0;0;0;0;0;0;0;0;0;0;0;0;0;0;0;0;0;0;0;0;0;0;0;0;0;0;0;0;0;0;0;0;0;0;0;0;0;0;0;0;0;0;0;0;0;0;0;0;0;0;0;0;0;0;0;0;0;0;0;0;0;0;0;0;0;0;0;0;0;0;0;0;0;0;0;0;0;0;0;0;0;0;0;0;0;0;0;0;0;0;295;0;0
Otu049;0;0;0;0;0;0;0;0;0;0;0;0;0;0;0;0;0;0;0;0;0;0;0;0;0;0;0;0;0;0;0;0;0;0;0;0;0;0;0;0;0;0;0;0;0;0;0;0;0;0;0;0;0;0;0;0;0;0;0;0;0;0;0;0;0;0;0;0;0;0;0;0;0;0;0;0;0;0;0;0;0;0;0;0;0;0;0;0;0;0;0;0;0;0;0;0;0;0;0;0;0;0;0;0;0;0;0;0;0;0;0;0;0;0;0;0;0;0;0;0;0;0;0;0;0;0;0;0;0;0;368;0;0;0;0;0;0;0;0;0;0;0;0;0;0;0;0;0;0;0;0;0;0;0;0;0;0;0;0;0;0;0;0;0;0;0;0;0;0;0;0;0;0;0;1;0;0
Otu050;0;0;0;0;0;0;0;0;0;0;0;0;0;0;0;0;0;0;0;0;0;0;0;0;0;0;0;0;0;0;0;0;0;0;0;0;0;0;0;0;0;0;0;0;0;0;0;0;0;0;0;0;0;0;0;0;0;0;0;0;0;0;0;0;0;0;0;0;0;0;0;0;1;0;0;0;0;0;0;0;0;0;0;0;0;0;0;0;0;0;0;0;0;0;0;0;403;0;0;0;0;0;0;0;1;0;0;0;0;0;0;0;0;0;0;0;0;0;0;0;0;0;0;0;0;0;0;0;0;0;0;0;0;0;0;0;0;0;0;0;0;0;0;0;0;0;0;0;0;0;0;0;0;0;0;0;0;0;0;0;0;0;0;0;0;0;0;0;0;0;0;0;0;0;0;0;0
Otu051;0;0;0;0;0;0;0;0;0;0;0;0;0;0;0;0;0;0;0;0;0;0;0;0;0;0;0;0;0;0;0;0;0;0;0;0;0;0;0;0;0;0;0;0;0;0;0;0;0;0;0;0;0;0;0;0;0;0;0;0;0;0;0;0;0;0;0;0;0;0;0;0;0;0;0;0;0;0;0;0;0;0;0;0;0;0;0;0;0;0;0;0;0;0;0;0;0;0;0;0;0;0;0;0;0;0;0;0;0;0;0;0;0;0;0;0;0;0;0;0;0;0;0;0;0;0;0;0;0;0;0;0;0;0;0;0;0;0;0;0;0;0;0;0;0;0;0;0;0;0;0;0;0;0;0;0;0;0;0;0;0;0;0;0;0;0;0;0;0;0;0;0;411;0;0;0;0
Otu052;2;0;557;0;0;1;0;2;0;1;0;567;0;0;0;0;0;1;4;0;0;0;0;0;0;407;415;0;0;322;1;0;0;0;531;238;450;302;362;0;0;2;566;461;0;45;0;0;0;0;0;1;0;0;27;398;0;0;0;0;0;40;0;0;0;0;0;0;0;0;2;1;0;0;0;1;0;0;0;0;0;0;0;0;0;0;0;1;0;0;0;0;1;0;1;2;0;0;0;0;0;0;0;0;0;0;0;1;0;0;1;0;0;0;0;0;0;0;0;0;1;0;0;0;0;0;0;0;0;0;0;0;262;0;0;0;0;260;252;1;0;0;0;0;0;0;0;0;265;45;0;0;0;0;263;0;227;0;0;0;0;284;0;79;0;0;0;385;0;0;0;0;0;353;39;0;0
Otu053;0;0;0;0;0;0;0;0;0;0;0;0;0;0;1;0;0;0;0;0;0;0;0;0;0;0;0;0;0;0;0;0;0;0;0;0;0;0;0;0;0;0;0;0;0;0;0;0;0;0;0;0;0;0;0;0;0;0;0;0;0;0;0;0;0;0;0;0;0;0;0;0;0;0;0;0;0;0;0;0;0;0;0;0;0;0;0;0;0;0;0;0;0;0;0;0;0;0;0;0;0;0;0;0;0;0;0;0;0;0;0;0;0;0;0;0;0;0;0;0;0;0;0;0;0;0;0;0;0;0;0;0;0;0;0;0;0;0;0;0;0;0;0;0;0;0;0;0;0;0;0;0;0;0;0;0;0;0;0;0;0;0;0;0;0;0;0;0;0;0;0;0;0;0;305;0;0
Otu054;0;0;0;0;0;0;0;0;0;0;0;0;0;0;0;0;0;0;0;0;0;0;0;0;0;0;0;0;0;0;0;0;0;0;0;0;0;0;0;0;0;0;0;0;0;0;0;0;0;0;0;0;0;0;0;0;0;0;0;0;0;0;0;0;0;0;0;0;0;0;0;2;0;0;0;0;0;0;0;0;0;0;0;0;0;0;0;0;0;0;0;0;0;0;0;0;0;0;0;0;0;0;0;0;0;0;0;0;0;0;0;0;0;0;0;0;0;0;0;0;0;0;0;0;0;0;1;0;0;0;292;0;0;0;0;0;0;0;0;0;0;0;0;0;0;0;0;0;0;0;4;0;0;0;0;0;0;0;0;0;0;0;0;0;0;0;0;0;0;0;0;0;0;0;0;0;0
Otu055;428;114;0;0;0;0;0;411;601;182;271;0;0;0;0;0;676;432;284;606;0;0;0;0;0;1;1;63;391;0;0;0;221;63;0;0;1;0;1;0;0;0;0;0;425;0;0;0;0;0;1;2;0;41;1;0;0;0;0;0;482;0;0;0;0;0;0;0;0;0;0;0;0;0;0;0;0;0;0;0;0;0;0;0;0;0;0;0;0;0;0;0;0;0;0;0;0;0;1;0;0;0;1;0;1;1;0;0;0;0;0;0;0;0;0;0;0;0;0;0;0;0;0;0;0;0;0;0;0;0;0;0;0;0;1;0;0;0;0;1;0;0;0;0;0;1;0;0;0;0;0;0;0;0;0;0;0;0;0;0;0;0;0;0;0;0;0;0;0;0;0;0;0;0;0;0;0
Otu056;0;0;0;0;0;0;0;0;0;0;0;0;0;0;0;0;0;0;0;0;0;0;0;0;0;0;0;0;0;0;0;0;0;0;0;0;1;0;0;0;0;0;0;0;0;0;0;0;0;0;0;0;0;0;0;0;0;0;0;0;0;0;0;0;0;0;0;0;0;0;0;0;0;0;0;0;0;0;0;0;0;0;0;0;0;0;0;0;0;0;0;0;0;0;0;0;0;0;0;0;0;0;0;0;0;0;0;0;0;0;0;0;0;0;0;0;0;0;0;0;0;0;0;0;0;0;0;0;0;0;0;0;0;0;0;0;0;0;0;0;0;0;0;0;0;0;0;0;0;0;0;0;0;0;0;0;0;0;0;0;0;0;0;0;0;0;0;0;0;0;0;0;0;0;202;0;0
Otu057;0;0;0;0;0;0;0;0;0;0;0;0;0;0;0;0;0;0;0;0;0;0;0;0;0;0;0;0;0;0;0;0;0;0;0;0;0;0;0;0;0;0;0;0;0;0;0;0;0;0;0;0;0;0;0;0;0;0;0;0;0;0;0;0;0;0;0;0;0;0;0;0;0;0;0;0;0;0;0;0;0;0;0;0;0;0;0;0;0;0;0;0;0;0;0;0;0;0;0;0;0;0;0;0;0;0;0;0;0;0;0;0;0;0;0;0;0;0;0;0;0;0;0;0;0;0;0;0;0;0;0;0;0;0;0;0;0;0;0;0;0;0;0;221;0;0;0;0;0;0;0;0;0;0;0;0;0;0;0;0;0;0;0;0;0;0;0;0;0;0;0;0;0;0;0;0;0
Otu058;0;0;0;0;0;0;0;0;0;0;0;0;0;0;0;0;0;0;0;0;0;0;0;0;0;0;0;0;0;0;0;0;0;0;0;0;0;0;0;0;0;0;0;0;0;0;0;0;0;0;0;0;0;0;0;0;0;0;0;0;0;0;0;0;0;0;0;0;0;0;0;0;0;0;0;0;0;0;0;0;0;0;0;0;0;0;0;0;0;0;0;0;0;0;0;0;0;0;0;0;0;0;0;0;0;0;0;0;0;0;0;0;0;0;0;0;0;0;0;0;0;0;0;0;0;0;0;0;0;0;0;0;0;0;0;0;0;0;0;0;0;0;0;0;0;0;0;0;0;0;0;0;0;0;0;0;0;0;0;0;0;0;0;0;0;0;0;0;0;0;0;0;230;0;0;0;0
Otu059;0;0;0;0;0;0;0;0;0;0;0;0;0;0;0;0;0;0;0;0;0;0;0;0;0;0;0;0;0;0;0;0;0;0;0;0;0;0;0;0;0;0;0;0;0;0;0;0;0;0;0;0;0;0;0;0;0;0;0;0;0;0;0;0;0;0;0;0;0;0;0;0;0;0;0;0;0;0;0;0;0;0;0;0;0;0;0;0;0;0;0;0;0;0;0;0;0;0;0;0;0;0;0;0;0;0;0;0;0;0;0;0;0;0;0;0;0;0;0;0;0;0;0;0;0;0;0;0;0;0;0;220;0;0;0;0;0;0;0;0;0;0;0;0;2;0;0;0;0;0;0;0;0;0;0;0;0;0;0;0;0;0;0;0;0;0;0;0;0;0;0;0;0;0;0;0;0
Otu060;0;0;0;0;0;0;0;0;0;0;0;0;0;0;0;0;0;0;0;0;0;0;0;0;0;0;0;0;0;0;0;0;0;0;0;0;0;0;0;0;0;0;0;0;0;0;0;0;0;0;0;0;0;0;0;0;0;0;0;0;0;0;0;0;0;0;0;0;0;0;0;0;0;0;0;0;0;0;0;0;0;0;0;0;0;0;0;0;0;0;0;0;0;0;0;0;0;0;0;0;0;0;0;0;0;0;0;0;0;0;0;0;0;0;0;0;0;0;0;0;0;0;0;0;0;0;0;0;0;0;0;0;0;0;0;0;0;0;0;0;0;0;0;0;0;0;0;0;0;0;0;0;0;0;0;0;0;0;0;0;0;0;0;0;0;0;0;0;0;0;0;0;194;0;0;0;0
Otu061;0;0;0;0;0;0;0;0;0;0;0;0;0;0;0;0;0;0;0;0;0;0;0;0;0;0;0;0;0;0;0;0;0;0;0;0;0;0;0;0;0;0;0;0;0;0;0;0;0;0;0;0;0;0;0;0;0;0;0;0;0;0;0;0;0;0;0;0;0;0;0;0;0;0;0;0;0;0;0;0;0;0;0;0;0;0;0;0;0;0;0;0;0;0;0;0;0;0;0;0;0;0;0;0;0;0;0;0;0;0;0;0;0;0;0;0;0;0;0;0;0;0;0;0;0;0;0;0;0;0;0;0;0;0;0;0;0;0;0;0;0;0;0;0;0;0;0;0;0;0;0;0;0;0;0;0;0;0;0;0;0;0;0;0;0;0;0;0;0;0;0;1;205;0;0;0;0
Otu062;0;0;0;0;0;0;0;0;0;0;0;0;0;0;0;0;0;0;0;0;0;0;0;0;0;0;0;0;0;0;0;0;0;0;0;0;0;0;0;0;0;0;0;0;0;0;0;0;0;0;0;0;0;0;0;0;0;0;0;0;0;0;0;0;0;0;0;0;0;0;0;0;0;0;0;0;0;0;0;0;0;0;0;0;0;0;0;0;0;0;0;0;0;0;0;0;0;0;0;0;0;0;0;0;0;0;0;0;0;0;0;0;0;0;0;0;0;0;0;0;0;0;0;0;0;0;0;0;0;0;0;0;0;0;0;0;0;0;0;0;0;0;1;0;0;0;0;0;0;0;0;0;0;0;0;0;0;0;0;0;0;0;0;0;0;0;0;0;0;0;0;1;0;0;170;0;0
Otu063;0;0;0;0;0;0;0;0;0;0;0;0;0;0;0;0;0;0;0;0;0;0;0;0;0;0;0;0;0;0;0;0;0;0;0;0;0;0;0;0;0;0;0;0;0;0;0;0;0;0;0;0;0;0;0;0;0;0;0;0;0;0;0;0;0;0;0;0;0;0;0;0;0;0;0;0;0;0;0;0;0;0;0;0;0;0;0;0;0;0;0;0;0;0;0;0;0;0;0;0;0;0;0;0;0;0;0;0;0;0;0;0;0;0;0;0;0;0;0;0;0;0;0;0;0;0;0;0;0;0;0;0;0;0;0;0;0;0;0;0;0;0;0;167;0;0;0;0;0;0;0;0;0;0;0;0;0;0;0;0;0;0;0;0;0;0;0;0;0;0;0;0;0;0;0;0;0
Otu064;0;0;0;0;0;0;0;0;0;0;0;0;0;0;0;0;1;0;0;0;0;0;0;0;0;0;0;0;0;0;0;0;0;0;0;0;0;0;0;0;0;0;0;0;0;0;0;0;0;0;0;0;0;0;0;0;0;0;0;0;0;0;0;0;0;0;0;0;0;0;0;0;0;0;0;0;0;0;0;0;0;0;0;0;0;0;0;0;0;0;0;0;0;0;0;0;0;0;0;0;0;0;0;0;0;0;0;0;0;0;0;0;0;0;0;0;0;0;0;0;0;0;0;0;0;0;0;0;0;0;0;0;0;0;0;0;0;0;0;0;0;0;0;0;0;0;0;0;0;0;0;0;0;0;0;0;0;0;0;0;0;0;0;0;0;0;0;0;0;0;0;0;0;0;181;0;0
Otu065;0;0;0;0;0;0;0;0;0;0;0;0;0;0;0;0;0;0;0;0;0;0;0;0;0;0;0;0;0;0;0;0;0;0;0;0;0;0;0;0;0;0;0;0;0;0;0;0;0;0;0;0;0;0;0;0;0;0;0;0;0;0;0;0;0;0;0;0;0;0;0;0;0;0;0;0;0;0;0;0;0;0;0;0;0;0;0;0;0;0;0;0;0;0;0;0;0;0;0;0;0;0;0;0;0;0;0;0;0;0;0;0;0;0;0;0;0;0;0;0;0;0;0;0;0;0;0;1;0;0;0;0;0;0;0;0;0;0;0;0;0;0;0;0;0;0;0;0;0;0;0;0;0;0;0;0;0;0;0;0;0;0;0;0;0;0;0;0;0;0;0;0;0;0;182;0;0
Otu066;0;0;0;0;0;0;0;0;0;0;0;0;0;0;0;0;0;0;0;0;0;0;0;0;0;0;0;0;0;0;0;0;0;0;0;0;0;0;0;0;0;0;0;0;0;0;0;0;0;0;0;0;0;0;0;0;0;0;0;0;0;0;0;0;0;0;0;0;0;0;0;0;0;0;0;0;0;0;0;0;0;0;0;0;0;0;0;0;0;0;0;0;0;0;0;0;0;0;0;0;0;0;0;0;0;0;0;0;0;0;0;0;0;0;0;0;0;0;0;0;0;0;0;0;0;0;0;0;0;0;0;0;0;0;0;0;0;0;0;0;0;0;0;0;0;0;0;0;0;0;0;0;0;0;0;0;0;0;0;0;0;0;0;0;0;0;0;0;0;0;0;0;208;0;0;0;0
Otu067;0;0;0;0;0;0;0;2;0;0;0;0;0;0;0;0;0;0;0;0;0;0;0;0;0;0;0;0;0;0;0;0;0;0;0;0;0;0;0;0;0;0;0;0;0;0;0;0;0;0;0;0;0;0;0;0;0;0;0;0;0;0;0;0;0;0;0;0;0;0;0;0;0;0;0;0;0;0;0;0;0;0;0;0;0;0;0;0;0;0;0;0;0;0;0;0;0;0;0;0;0;0;0;0;0;0;0;0;0;0;0;1;0;0;0;0;0;0;0;0;0;0;0;0;0;0;0;0;0;0;0;0;0;0;0;0;0;0;0;0;0;0;0;0;0;0;0;0;0;0;0;0;0;0;0;0;0;0;0;0;0;0;0;0;0;0;0;0;0;0;0;0;338;0;0;0;0
Otu068;0;0;0;0;0;0;0;0;0;0;0;0;0;0;0;0;0;0;0;0;0;0;0;0;0;0;0;0;0;0;0;0;0;0;0;0;0;0;0;0;0;0;0;0;0;0;0;0;0;0;0;0;0;0;0;0;0;0;0;0;0;0;0;0;0;0;0;0;0;0;0;0;0;0;0;0;0;0;0;0;0;0;0;0;0;0;0;0;0;0;0;0;0;0;0;0;0;0;0;0;0;0;0;0;0;0;0;0;0;0;0;0;0;0;0;0;0;0;0;0;0;0;0;0;0;0;0;0;0;0;0;0;0;0;0;0;0;0;0;0;0;0;0;0;0;0;0;0;0;0;0;0;0;0;0;0;0;0;0;0;0;0;0;0;0;0;0;0;0;0;0;0;319;0;0;0;0
Otu069;0;0;0;0;0;0;0;0;0;0;0;0;0;0;0;0;0;0;0;0;0;0;0;0;0;0;0;0;0;0;0;0;0;0;0;0;0;0;0;0;0;0;0;0;0;0;0;0;0;0;0;0;0;0;0;0;0;0;0;0;0;0;0;0;0;0;0;0;0;0;0;0;0;0;0;0;0;0;0;0;0;0;0;0;0;0;0;0;0;0;0;0;0;0;0;0;0;0;0;0;0;15;0;0;0;0;0;0;0;0;0;0;0;0;0;0;3;0;0;0;0;0;0;0;0;0;0;0;0;0;0;0;0;0;0;0;0;0;0;0;0;0;0;0;0;0;0;0;0;0;0;0;0;0;0;0;0;0;0;0;0;0;0;0;0;0;0;0;0;0;0;0;0;0;156;0;0
Otu070;0;0;0;0;0;0;0;0;0;0;0;0;0;0;0;0;0;0;0;0;0;0;0;0;0;0;0;0;0;0;0;0;0;0;0;0;0;0;0;0;0;0;0;0;0;0;0;0;0;0;0;0;0;0;0;0;0;0;0;0;0;0;0;0;0;0;0;0;0;0;0;0;0;0;0;0;0;0;0;0;0;0;0;0;0;0;0;0;0;0;0;0;0;0;0;0;0;0;0;0;0;0;0;0;0;0;0;0;0;0;0;0;0;0;0;0;0;0;0;0;0;0;0;0;0;0;0;0;0;0;0;0;0;0;0;0;0;0;0;0;0;0;0;0;0;0;0;0;0;0;0;0;0;0;0;0;0;0;0;0;0;0;0;0;0;0;0;0;0;0;0;0;446;0;0;0;0
Otu071;2;0;0;0;0;0;0;1;0;2;0;0;0;0;0;0;6;0;0;0;0;0;0;0;0;7;0;0;0;0;0;0;0;0;0;0;7;0;0;0;0;0;1;0;0;0;0;0;0;0;0;6;0;0;0;0;0;0;0;0;0;0;0;0;0;0;0;0;0;0;0;0;3;1;0;0;1;0;0;200;1;0;0;0;0;0;0;200;0;0;0;0;0;0;0;272;0;0;0;0;0;0;0;249;0;2;0;0;0;0;0;0;2;0;0;415;324;0;0;0;0;0;0;0;290;248;0;0;1;0;0;1;0;0;0;0;2;0;0;0;0;0;0;0;0;0;0;0;0;0;0;0;0;0;0;0;0;0;0;0;0;0;0;0;0;0;0;0;0;0;0;0;0;0;0;0;0
Otu072;0;0;0;0;0;0;0;0;0;0;0;0;0;0;0;0;0;0;0;0;0;0;0;0;0;0;0;0;0;0;0;0;0;0;0;0;0;0;0;0;0;0;0;0;0;0;0;0;0;0;0;0;0;0;0;0;0;0;0;0;0;0;0;0;0;0;0;0;0;0;0;0;0;0;0;0;0;0;0;0;0;0;0;0;0;0;0;0;0;0;0;0;0;0;0;0;0;0;0;0;0;0;0;0;0;0;0;0;0;0;0;0;0;0;0;0;0;0;0;0;0;0;0;0;0;0;0;0;0;0;0;0;0;0;0;0;0;0;0;0;0;0;0;0;0;0;0;0;0;0;0;0;0;0;0;0;0;0;0;0;0;0;0;0;0;0;0;0;0;0;0;0;172;0;0;0;0
Otu073;0;0;0;0;0;0;0;0;0;163;220;0;0;0;0;0;0;0;0;0;0;0;0;0;0;0;0;0;0;0;0;0;338;112;0;0;0;0;0;0;0;0;0;0;0;0;0;0;0;0;0;0;0;0;0;0;0;0;0;0;0;0;0;0;0;0;0;0;0;0;0;0;0;0;0;0;0;0;0;0;0;0;0;0;0;0;0;0;0;0;0;0;0;0;0;0;0;0;0;0;0;0;0;0;0;0;0;0;0;0;0;0;0;0;0;0;0;0;0;0;0;0;0;0;0;0;0;0;0;0;0;0;0;0;0;0;0;0;0;0;0;0;0;0;0;0;0;0;0;0;0;0;0;0;0;0;0;0;0;0;0;0;0;0;0;0;0;0;0;0;0;0;0;0;0;0;0
Otu074;0;0;0;0;0;0;0;0;0;0;0;0;0;0;0;0;0;0;0;0;0;0;0;0;0;0;0;0;0;0;0;0;0;0;0;0;0;0;0;0;0;0;0;0;0;0;0;0;0;0;0;0;0;0;0;0;0;0;0;0;0;0;0;0;0;0;0;0;0;0;0;0;0;0;0;0;0;0;0;0;0;0;0;0;0;0;0;0;0;0;0;0;0;0;0;0;0;0;0;0;0;0;0;0;0;0;0;0;0;0;0;0;0;0;0;0;0;0;0;0;0;0;0;0;0;0;0;0;0;0;0;0;0;0;0;0;0;0;0;0;0;0;0;0;0;0;0;0;0;0;0;0;0;0;0;0;0;0;0;0;0;0;0;0;0;0;0;0;0;0;0;0;145;0;0;0;0
Otu075;0;0;0;0;0;0;0;0;0;0;0;0;0;0;0;0;0;0;0;0;0;0;0;0;0;0;0;0;0;0;0;0;0;0;0;0;0;0;0;0;0;0;0;0;0;0;0;0;0;0;0;0;0;0;0;0;0;0;0;0;0;0;0;0;0;0;0;0;0;0;0;0;0;0;0;0;0;0;0;0;1;0;0;0;0;0;0;0;0;0;0;0;0;0;0;0;0;0;0;0;0;0;0;0;0;0;0;0;0;0;0;0;0;0;0;0;0;0;0;0;0;0;0;0;0;0;0;0;0;0;0;0;0;0;0;0;0;0;0;0;0;0;0;101;0;0;0;0;0;0;0;0;0;0;0;0;0;0;0;0;0;0;0;0;0;0;0;0;0;0;0;0;0;0;0;0;0
Otu076;0;0;0;0;0;0;0;0;0;0;0;0;0;0;0;0;0;0;0;0;0;0;0;0;0;0;0;0;0;0;0;0;0;0;0;0;0;0;0;0;0;0;0;0;0;0;0;0;0;0;0;0;0;0;0;0;0;0;0;0;0;0;0;0;0;0;0;0;0;0;0;0;0;0;0;0;0;0;0;0;0;0;0;0;0;0;0;0;0;0;0;0;0;0;0;0;0;0;0;0;0;0;0;0;0;0;0;0;0;0;0;0;0;0;0;0;0;0;0;0;0;0;0;0;0;0;0;0;0;0;0;0;0;0;0;0;111;0;0;0;0;0;0;0;0;0;0;0;0;0;0;0;0;0;0;0;0;0;0;0;0;0;0;0;0;0;0;0;0;0;0;0;0;0;39;0;0
Otu077;0;0;0;0;0;0;0;0;0;0;0;0;0;0;0;0;0;0;0;0;0;0;0;0;0;0;0;0;0;0;0;0;0;0;0;0;0;0;0;0;0;0;0;0;0;0;0;0;0;0;0;0;0;0;0;0;0;0;0;0;0;0;0;0;0;0;0;0;0;0;0;0;116;0;0;0;0;0;0;0;0;0;0;0;0;0;0;0;0;0;0;0;0;0;0;0;0;0;0;0;0;0;0;0;0;0;0;0;0;0;0;0;0;0;0;0;0;0;0;0;0;0;0;0;0;0;0;0;0;0;0;0;0;1;0;0;0;0;0;0;0;0;0;0;0;0;0;0;0;0;0;0;0;0;0;0;0;0;0;0;0;0;0;0;0;0;0;0;0;0;0;0;0;0;0;0;0
Otu078;0;0;0;0;0;0;0;0;0;0;0;0;0;0;0;0;0;0;0;0;0;0;0;0;0;0;0;0;0;0;0;0;0;0;0;0;0;0;0;0;0;0;0;0;0;0;0;0;0;0;0;0;0;0;0;0;0;0;0;0;0;0;0;0;0;0;0;0;0;0;0;0;0;0;0;0;0;0;0;0;0;0;0;0;0;0;0;0;0;0;0;0;0;0;0;0;0;0;0;0;0;0;0;0;0;0;0;0;0;0;0;0;0;0;0;0;0;0;0;0;0;0;0;0;0;0;0;0;0;0;0;0;0;0;0;0;114;0;0;0;0;0;0;0;0;0;0;0;0;0;0;0;0;0;0;0;0;0;0;0;0;0;0;0;0;0;0;0;0;0;0;0;0;0;0;0;0
Otu079;0;0;0;0;0;0;0;0;0;0;0;0;0;0;0;0;0;0;0;0;0;0;0;0;0;0;0;0;0;0;0;0;0;0;0;0;0;0;0;0;0;0;0;0;0;0;0;0;0;0;0;0;0;0;0;0;0;0;0;0;0;0;0;0;0;0;0;0;0;0;0;0;0;0;0;0;0;0;0;0;0;0;0;0;0;0;0;0;0;0;0;0;0;0;0;0;0;0;0;0;0;0;0;0;0;0;0;0;0;0;0;0;0;0;0;0;0;0;0;0;0;0;0;0;0;0;0;0;0;0;0;0;0;0;0;0;0;0;0;0;0;0;0;0;0;0;0;0;0;0;1130;0;0;0;0;0;0;0;0;1;0;0;0;0;0;0;0;0;0;0;0;0;0;0;0;0;0
Otu080;0;0;0;0;0;0;0;0;0;0;0;0;0;0;0;0;0;0;0;0;0;0;0;0;0;0;0;0;0;0;0;0;0;0;0;0;0;0;0;0;0;0;0;0;0;0;0;0;0;0;0;0;0;0;0;0;0;0;0;0;0;0;0;0;0;0;0;0;0;0;0;0;0;0;0;0;0;0;0;0;0;0;0;0;0;0;0;0;0;0;0;0;0;0;0;0;0;0;0;0;0;0;0;0;0;0;0;0;0;0;0;0;0;0;0;0;0;0;0;0;0;0;0;0;0;0;0;0;0;0;0;0;0;0;0;0;0;0;0;0;0;0;0;0;0;0;0;0;0;0;106;0;0;0;0;0;0;0;0;0;0;0;0;0;0;0;0;0;0;0;0;0;0;0;0;0;0
Otu081;0;0;0;0;0;0;0;0;0;0;0;0;0;0;0;0;0;0;0;0;0;0;0;0;0;0;0;0;0;0;0;0;0;0;0;0;0;0;0;0;0;0;0;0;0;0;0;0;0;0;0;0;0;0;0;0;0;0;0;0;0;0;0;0;0;0;0;0;0;0;0;0;0;0;0;0;0;0;0;0;0;0;0;0;0;0;0;0;0;0;0;0;0;0;0;0;0;0;0;0;0;0;0;0;0;0;0;0;0;0;0;0;0;0;0;0;0;0;0;0;0;0;0;0;0;0;0;0;0;0;0;0;0;0;0;0;0;0;0;0;0;0;0;0;0;0;0;0;0;0;0;0;0;0;0;0;0;0;0;0;0;0;0;0;0;0;0;0;0;0;0;0;0;0;83;0;0
Otu082;18;0;0;1;0;90;0;3;0;4;0;0;0;0;2;0;1;0;9;0;0;0;0;0;0;2;0;0;0;0;0;0;1;0;0;0;0;0;0;0;0;0;11;0;0;0;0;0;0;0;0;1;0;0;0;0;0;0;0;0;0;0;0;1;0;0;0;0;0;0;2;1;0;270;269;0;0;0;0;1;0;341;0;0;0;0;0;8;409;1;1;0;0;0;0;0;0;0;410;0;0;0;0;1;0;346;0;0;0;0;0;1;0;318;0;0;0;0;368;232;0;0;0;0;0;0;0;1;1;0;0;0;0;0;0;0;13;0;1;0;0;0;1;0;0;0;0;0;0;0;0;0;0;0;0;0;0;0;0;0;0;0;0;1;0;0;0;0;0;0;0;0;0;0;0;0;0
Otu083;0;0;0;0;0;0;0;0;0;0;0;0;0;0;0;0;0;0;0;0;0;0;0;0;0;0;0;0;0;0;0;0;0;0;0;0;0;0;0;0;0;0;0;0;0;0;0;0;0;0;0;0;0;0;0;0;0;0;0;0;0;0;0;0;0;0;0;0;0;0;0;0;0;0;0;0;0;0;0;0;0;0;0;0;0;0;0;0;0;0;0;0;0;0;0;0;0;0;0;0;0;0;0;0;0;0;0;0;0;0;0;0;0;0;0;0;0;0;0;0;0;0;0;0;0;0;0;0;0;0;0;0;0;0;0;0;0;0;0;0;0;0;0;0;0;0;0;0;0;0;0;0;0;0;0;0;0;0;0;0;0;0;0;0;0;0;0;0;0;0;0;0;0;0;85;0;0
Otu084;0;0;0;0;0;0;0;0;0;0;0;0;0;0;0;0;0;0;0;0;0;0;0;0;0;0;0;0;0;0;0;0;0;0;0;0;0;0;0;0;0;0;0;0;0;0;0;0;0;0;0;0;0;0;0;0;0;0;0;0;0;0;0;0;0;0;0;0;0;0;0;0;0;0;0;0;0;0;0;0;0;0;0;0;0;0;0;0;0;0;0;0;0;0;0;0;0;0;0;0;0;0;0;0;0;0;0;0;0;0;0;0;0;0;0;0;0;0;0;0;0;0;0;0;0;0;0;0;0;0;0;0;0;0;0;0;0;0;0;0;0;0;0;63;0;0;0;0;0;0;0;0;0;0;0;0;0;0;0;0;0;0;0;0;0;0;0;0;0;0;0;0;0;0;0;0;0
Otu085;0;0;0;0;0;0;0;0;0;0;0;0;0;0;0;0;0;0;0;0;0;0;0;0;0;0;0;0;0;0;0;0;0;0;0;0;1;0;0;0;0;0;0;0;0;0;0;0;0;0;0;0;0;0;0;0;0;0;0;0;0;0;0;0;0;0;0;0;0;0;0;0;0;0;0;0;0;0;0;0;0;0;0;0;0;0;0;0;0;0;0;0;0;0;0;0;0;0;0;0;0;0;0;0;0;0;0;0;0;0;0;0;0;0;0;0;0;0;0;0;0;0;0;0;0;0;0;0;0;0;0;0;0;0;0;0;0;0;0;0;0;0;0;0;0;0;0;0;0;0;0;0;0;0;0;0;0;0;0;0;0;0;0;0;0;0;0;0;0;0;0;0;0;0;113;0;0
Otu086;0;0;0;0;0;0;0;0;0;0;0;0;0;0;0;0;0;0;0;0;0;0;0;0;0;0;0;0;0;0;0;0;0;0;0;0;0;0;0;0;0;0;0;0;0;0;0;0;0;0;0;0;0;0;0;0;0;0;0;0;0;0;0;0;0;0;0;0;0;0;0;0;0;0;0;0;0;0;0;0;5;0;0;0;0;0;0;0;0;0;0;0;0;0;0;0;437;0;0;0;0;0;0;0;1;0;0;0;0;0;0;0;0;0;0;0;0;0;0;0;0;0;0;0;0;0;0;0;0;0;0;0;0;0;0;0;0;0;0;0;0;0;0;0;0;0;0;0;0;0;0;0;0;0;0;0;0;0;0;0;0;0;0;0;0;0;0;0;0;0;0;0;0;0;0;0;0
Otu087;0;0;0;0;0;0;0;0;0;0;0;0;0;0;0;0;0;0;0;0;0;0;0;0;0;0;0;0;0;0;0;0;0;0;0;0;0;0;0;0;0;0;0;0;0;0;0;0;0;0;0;0;0;0;0;0;0;0;0;0;0;0;0;0;0;0;0;0;0;0;0;0;0;0;0;0;0;0;0;0;0;0;0;0;0;0;0;0;0;0;0;0;0;0;0;0;0;0;0;0;0;0;0;0;0;0;0;0;0;0;0;0;0;0;0;0;0;0;0;0;0;0;0;0;0;0;0;0;0;0;0;0;0;0;0;0;97;0;0;0;0;0;0;0;0;0;0;0;0;0;0;0;0;0;0;0;0;0;0;0;0;0;0;0;0;0;0;0;0;0;0;0;0;0;0;0;0
Otu088;0;0;0;0;0;0;0;0;0;0;0;0;0;0;0;0;0;0;0;0;0;0;0;0;0;0;0;0;0;0;0;0;0;0;0;0;0;0;0;0;0;0;0;0;0;0;0;0;0;0;0;0;0;0;0;0;0;0;0;0;0;0;0;0;0;0;0;0;0;0;0;0;0;0;0;0;0;0;0;0;0;0;0;0;0;0;0;0;0;0;0;0;0;0;0;0;0;0;0;0;0;0;0;0;0;0;0;0;0;0;0;0;0;0;0;0;0;0;0;0;0;0;0;0;0;0;0;0;0;0;0;0;0;0;0;0;0;0;0;0;0;0;0;0;0;0;0;0;0;0;0;0;0;0;0;0;0;0;0;0;0;0;0;0;0;0;0;0;0;0;0;0;0;0;57;0;0
Otu089;0;0;0;0;0;0;0;0;0;0;0;0;0;0;0;0;0;0;1;0;0;0;0;0;0;0;0;0;0;0;0;0;0;0;0;1;0;0;0;0;0;0;0;0;0;0;0;0;0;0;0;0;0;0;0;0;0;0;0;0;0;0;0;0;0;0;0;0;0;0;0;0;0;0;0;0;0;0;0;0;0;0;0;0;0;0;0;0;0;0;0;0;0;0;0;0;0;0;0;0;0;0;0;0;0;0;0;0;0;0;0;0;0;0;0;0;0;0;0;0;0;0;0;0;0;0;0;0;0;0;0;0;1;0;0;0;2;0;0;0;0;0;0;0;0;0;0;0;0;158;0;0;0;0;0;0;0;0;0;0;0;0;0;0;0;0;0;0;0;0;0;0;0;0;0;0;0
Otu090;0;0;0;0;0;0;0;0;0;0;0;0;0;0;0;0;0;0;0;0;0;0;0;0;0;0;0;0;0;0;0;0;0;0;0;0;0;0;0;0;0;0;0;0;0;0;0;0;0;0;0;0;0;0;0;0;0;0;0;0;0;0;0;0;0;0;0;0;0;0;0;0;0;0;0;0;0;0;0;0;0;0;0;0;0;0;0;0;0;0;0;0;0;0;0;0;0;0;0;0;0;0;0;0;0;0;0;0;0;0;0;0;0;0;0;0;0;0;0;0;0;0;0;0;0;0;0;0;0;0;0;0;0;0;0;0;0;0;0;0;0;0;0;19;0;0;0;0;0;0;0;0;0;0;0;0;0;403;0;0;0;0;0;0;0;0;0;0;0;0;470;0;0;0;0;0;0
Otu091;0;0;0;0;0;0;0;0;0;0;0;0;0;0;0;0;0;0;0;0;0;0;0;0;0;0;0;0;0;0;0;0;0;0;0;0;0;0;0;0;0;0;0;0;0;0;0;0;0;0;0;0;0;0;0;0;0;0;0;0;0;0;0;0;0;0;0;0;0;0;0;0;0;0;0;0;0;0;0;0;0;0;0;0;0;1;4;0;0;0;0;0;0;0;0;0;0;0;0;0;0;0;4;0;0;0;0;0;0;0;0;0;0;0;2;0;0;0;0;0;0;0;0;0;0;0;0;0;0;0;0;0;0;0;0;0;0;0;0;0;0;0;0;0;0;0;0;0;0;114;0;0;0;0;0;0;0;0;0;0;0;0;0;0;0;0;0;0;0;0;0;0;0;0;0;0;0
Otu092;0;0;0;0;0;0;0;0;0;0;0;0;0;0;0;0;0;0;0;0;0;0;0;0;0;0;0;0;0;0;0;0;0;0;0;0;0;0;0;0;0;0;0;0;0;0;0;0;0;0;0;0;0;0;0;0;0;0;0;0;0;0;0;0;0;0;0;0;0;0;0;0;0;0;0;0;0;0;0;0;0;0;0;0;0;0;0;0;0;0;0;0;0;0;0;0;0;0;0;0;0;0;0;0;0;0;0;0;0;0;0;0;0;0;0;0;0;0;0;0;0;0;0;0;0;0;0;0;0;0;0;0;0;0;0;0;0;0;0;0;0;0;0;0;0;0;0;0;0;0;0;0;0;0;0;0;0;0;0;0;0;0;0;0;0;0;0;0;0;0;0;0;0;0;65;0;0
Otu093;0;0;0;0;0;0;0;0;0;0;0;0;0;0;0;0;0;0;0;0;0;0;0;0;0;0;0;0;0;0;0;0;0;0;0;0;0;0;0;0;0;0;0;0;0;0;0;0;0;0;0;0;0;0;0;0;0;0;0;0;0;0;0;0;0;0;0;0;0;0;0;0;0;0;0;0;0;0;0;0;0;0;0;0;0;0;0;0;0;0;0;0;0;0;0;0;0;0;0;0;0;0;0;0;0;0;0;0;0;0;0;0;0;0;0;0;0;0;0;0;0;0;0;0;0;0;0;0;0;0;0;0;0;0;0;0;0;0;0;0;0;0;0;0;0;0;0;0;0;0;0;0;0;0;0;0;50;0;0;0;0;0;0;0;0;0;0;0;0;0;0;0;0;0;0;0;0
Otu094;0;0;0;0;0;0;0;0;0;0;0;0;0;0;0;0;0;0;0;0;0;0;0;0;0;0;0;0;0;0;0;0;0;0;0;0;0;0;0;0;0;0;1;0;0;0;0;0;0;0;0;0;0;0;0;0;0;0;0;0;0;0;0;0;0;0;0;0;0;0;0;0;0;0;0;0;0;0;0;0;1;2;0;0;0;0;0;0;0;0;0;0;0;0;0;0;0;0;0;0;0;0;0;0;0;0;0;0;0;0;0;0;0;0;0;0;0;0;0;0;0;0;0;0;0;0;0;0;0;0;0;0;0;0;0;0;0;0;0;0;0;0;0;550;0;0;0;0;0;0;0;0;0;0;0;0;0;0;0;0;0;0;0;0;0;0;0;0;0;0;0;0;0;0;5;0;0
Otu095;0;0;0;0;0;0;0;0;0;0;0;0;0;0;0;0;0;0;0;0;0;0;0;0;0;0;0;0;0;0;0;0;0;0;0;0;0;0;0;0;0;0;0;0;0;0;0;0;0;0;0;0;0;0;0;0;0;0;0;0;0;0;0;0;0;0;0;0;0;0;0;0;0;0;0;0;0;0;0;0;0;0;0;0;0;0;0;0;0;0;0;0;0;0;0;0;0;0;0;0;0;0;0;0;0;0;0;0;0;0;0;0;0;0;0;0;0;0;0;0;0;0;0;0;0;0;0;0;0;0;0;0;0;0;0;0;0;0;0;0;0;0;0;0;0;0;0;0;0;42;0;0;0;0;0;0;0;0;0;0;0;0;0;0;0;0;0;0;0;0;0;0;1;0;0;0;0
Otu096;0;0;0;0;0;0;0;1;0;0;0;0;0;0;0;0;0;0;0;0;0;0;0;0;0;0;0;0;0;0;0;0;0;0;0;0;0;1;0;0;0;0;3;0;0;0;0;0;3;0;0;0;0;0;0;0;0;0;0;0;0;0;0;0;0;0;0;0;0;0;386;0;0;0;0;0;0;0;0;0;3;2;0;0;0;0;0;0;0;0;0;0;0;0;0;0;0;0;0;0;0;0;0;0;0;0;0;0;0;0;0;351;0;0;0;0;0;0;0;0;0;0;0;0;0;0;0;0;0;0;0;0;0;0;0;0;0;0;0;0;0;0;0;0;0;0;0;0;0;0;0;0;0;0;0;0;0;0;0;0;0;0;0;0;0;0;0;0;0;0;0;0;0;0;0;0;0
Otu097;0;0;0;0;0;0;0;0;0;0;0;0;0;0;0;0;0;0;0;0;0;0;0;0;0;0;0;0;0;0;0;0;0;0;0;0;0;0;0;0;0;0;0;0;0;0;0;0;0;0;0;1;0;0;0;0;0;0;0;0;0;0;0;0;0;0;0;0;0;0;0;0;0;0;0;0;0;0;0;0;0;0;0;0;659;0;0;0;0;0;0;0;65;0;0;0;0;0;0;0;375;0;0;0;0;0;0;0;32;0;0;0;228;0;0;0;0;0;0;0;0;0;0;0;0;0;0;0;0;0;40;0;0;1;0;0;0;0;0;0;0;0;0;0;0;0;0;0;0;10;0;0;0;0;0;394;0;0;0;0;0;0;0;0;320;0;0;0;0;0;0;0;10;0;0;0;0
Otu098;0;0;0;0;0;0;0;0;0;0;0;0;0;0;0;0;0;0;0;0;0;0;0;0;0;0;0;0;0;0;0;0;0;0;0;0;0;0;0;0;0;0;0;0;0;0;0;0;0;0;0;0;0;0;0;0;0;0;0;0;0;0;0;0;0;0;0;0;0;0;0;0;0;0;0;0;0;0;0;0;0;0;0;0;0;0;0;0;0;0;0;0;0;0;0;0;0;0;0;0;0;0;0;0;0;0;0;0;0;0;0;0;0;0;0;0;0;0;0;0;0;0;0;0;0;0;0;0;0;0;0;0;0;0;0;0;0;0;0;0;0;0;0;0;0;0;0;0;0;0;0;0;0;0;0;0;0;0;0;0;0;0;0;0;0;0;0;0;0;0;0;0;0;0;59;0;0
Otu099;0;0;0;0;0;0;0;0;0;0;0;0;0;0;0;0;0;0;0;0;0;0;0;0;0;0;0;0;0;0;0;0;0;0;0;0;0;0;0;0;0;0;0;0;0;0;0;0;0;0;0;0;0;0;0;0;0;0;0;0;0;0;0;0;0;0;0;0;0;0;0;0;0;0;0;0;0;0;0;0;0;0;0;0;0;0;0;0;0;0;0;0;0;0;0;0;0;0;0;0;0;0;0;0;0;0;0;0;0;0;0;0;0;0;0;0;0;0;0;0;0;0;0;0;0;0;0;0;0;0;0;0;0;0;0;0;0;0;0;0;0;0;0;0;0;0;0;0;0;0;0;0;0;0;0;0;0;0;0;0;0;0;0;0;0;0;0;0;0;0;0;0;0;0;59;0;0
Otu100;0;0;0;0;0;0;0;0;0;0;0;0;0;0;0;0;0;0;0;0;0;0;0;0;0;0;0;0;0;0;0;0;0;0;0;0;0;0;0;0;0;0;0;0;0;0;0;0;0;0;0;0;0;0;0;0;0;0;0;0;0;0;0;0;0;0;0;0;0;0;0;0;0;0;0;0;0;0;0;0;0;0;0;0;0;0;0;0;0;0;0;0;0;0;0;0;0;0;0;0;0;0;0;0;0;0;0;0;0;0;0;0;0;0;0;0;0;0;0;0;0;0;0;0;0;0;0;0;0;0;0;0;0;0;0;0;0;0;0;0;0;0;0;0;0;0;0;0;0;59;0;0;0;0;0;0;0;0;0;0;0;0;0;0;0;0;0;0;0;0;0;0;0;0;0;0;0
Otu101;0;0;0;0;0;0;0;0;0;0;0;0;0;0;0;0;0;0;0;0;0;0;0;0;0;0;0;0;0;0;0;0;0;0;0;0;0;0;0;0;0;0;0;0;0;0;0;0;0;0;0;0;0;0;0;0;0;0;0;0;0;0;0;0;0;0;0;0;0;0;0;0;0;0;0;0;0;0;0;0;0;0;0;0;0;0;0;0;0;0;0;0;0;0;0;0;0;0;0;0;0;0;0;0;0;0;0;0;0;0;0;0;0;0;0;0;0;0;0;0;0;0;0;0;0;0;0;0;0;0;0;0;0;0;0;0;0;0;0;0;0;0;0;0;0;0;0;0;0;0;0;0;0;0;0;0;0;0;0;0;0;0;0;0;0;0;0;0;0;0;0;0;0;0;34;0;0
Otu102;0;0;0;0;0;0;0;0;0;0;0;0;0;0;0;0;0;0;0;0;0;0;0;0;0;0;0;0;0;0;0;0;0;0;0;0;0;0;0;0;0;0;0;0;0;0;0;0;0;0;0;0;0;0;0;0;0;0;0;0;0;0;0;0;0;0;0;0;0;0;0;0;0;0;0;0;0;0;0;0;0;0;0;0;0;0;0;0;0;0;0;0;0;0;0;0;0;0;0;0;0;0;0;0;0;0;0;0;0;0;0;0;0;0;0;0;0;0;0;0;0;0;0;0;0;0;0;0;0;0;0;0;0;0;0;0;53;0;0;0;0;0;0;0;0;0;0;0;0;0;0;0;0;0;0;0;0;0;0;0;0;0;0;0;0;0;0;0;0;0;0;0;1;0;0;0;0
Otu103;0;0;0;0;0;0;0;0;0;0;0;0;0;0;0;0;0;0;0;0;0;0;0;0;0;0;0;0;0;0;0;0;0;0;0;0;0;0;0;0;0;0;0;0;0;0;0;0;0;0;0;0;0;0;0;0;0;0;0;0;0;0;0;0;0;0;0;0;0;0;0;0;0;0;0;0;0;0;0;0;0;0;0;0;0;0;0;0;0;0;0;0;0;0;0;0;0;0;0;0;0;0;0;0;0;0;0;0;0;0;0;0;0;0;0;0;0;0;0;0;0;0;0;0;0;0;0;0;0;0;0;0;0;0;0;0;0;0;0;0;0;0;0;0;0;0;0;0;0;79;0;0;0;0;0;0;0;0;0;0;0;0;0;0;0;0;0;0;0;0;0;0;0;0;0;0;0
Otu104;0;0;0;0;0;0;0;0;0;0;0;0;0;0;0;0;0;0;0;0;0;0;0;0;0;0;0;0;0;0;0;0;0;0;0;0;0;0;0;0;0;0;0;0;0;0;0;0;0;0;0;0;0;0;0;0;0;0;0;0;0;0;0;0;0;0;0;0;0;0;0;0;0;0;0;0;0;0;0;0;0;0;0;0;0;0;0;0;0;0;0;0;0;0;0;0;0;0;0;0;0;0;0;0;0;0;0;0;0;0;0;0;0;0;0;0;0;0;0;0;0;0;0;0;0;0;0;0;0;0;0;0;0;0;0;0;0;0;0;0;0;0;0;0;0;0;0;0;0;0;0;0;0;0;0;0;0;0;0;0;0;0;0;0;0;0;0;0;0;0;0;0;57;0;7;0;0
Otu105;0;0;0;0;0;0;0;0;0;0;0;0;0;0;0;0;0;0;0;0;0;0;0;0;0;0;0;0;0;0;0;0;0;0;0;0;0;0;0;0;0;0;0;0;0;0;0;0;0;0;0;0;0;0;0;0;0;0;0;0;0;0;0;0;0;0;0;0;0;0;0;0;0;0;0;0;0;0;0;0;0;0;0;0;0;0;0;0;0;0;0;0;0;0;0;0;0;0;0;0;0;0;0;0;0;0;0;0;0;0;0;0;0;0;0;0;0;0;0;0;0;0;0;0;0;0;0;0;0;0;0;0;0;0;0;0;0;0;0;0;0;0;0;0;0;0;0;0;0;0;0;0;0;0;0;0;0;0;0;0;0;0;0;0;0;0;0;0;0;0;0;0;0;0;28;0;0
Otu106;0;0;0;0;0;0;0;0;0;0;0;0;0;0;0;0;0;0;0;0;0;0;0;0;0;0;0;0;0;0;0;0;0;0;0;0;0;0;0;0;0;0;0;0;0;0;0;0;0;0;0;0;0;0;0;0;0;0;0;0;0;0;0;0;0;0;0;0;0;0;0;0;0;0;0;0;0;0;0;0;0;0;0;0;0;0;0;0;0;0;0;0;0;0;0;0;0;0;0;0;0;0;0;0;0;0;0;0;0;0;0;0;0;0;0;0;0;0;0;0;0;0;0;0;0;0;0;0;0;0;0;0;0;0;0;0;0;0;0;0;0;0;0;0;0;0;0;0;0;52;0;0;0;0;0;0;0;0;0;0;0;0;0;0;0;0;0;0;0;0;0;0;0;0;0;0;0
Otu107;0;0;0;0;0;0;0;0;0;0;0;0;0;0;0;0;0;0;0;0;0;0;0;0;0;0;0;0;0;0;0;0;0;0;0;0;0;0;0;0;0;0;0;0;0;0;0;0;0;0;0;0;0;0;0;0;0;0;0;0;0;0;0;0;0;0;0;0;0;0;0;0;0;0;0;0;0;0;0;0;0;0;0;0;0;0;0;0;0;0;0;0;0;0;0;0;0;0;0;0;0;0;0;0;0;0;0;0;0;0;0;0;0;0;0;0;0;0;0;0;0;0;0;0;0;0;0;0;0;0;0;0;0;0;0;0;0;0;0;0;0;0;0;0;0;0;0;0;0;0;0;0;0;0;0;0;0;0;0;0;0;0;0;0;0;0;0;0;0;0;0;0;0;0;53;0;0
Otu108;0;0;0;0;0;0;0;0;0;0;0;0;0;0;0;0;0;0;0;0;0;0;0;0;0;0;0;0;0;0;0;0;0;0;0;0;0;0;0;0;0;0;0;0;0;0;0;0;0;0;0;0;0;0;0;0;0;0;0;0;0;0;0;0;0;0;0;0;0;0;0;0;0;0;0;0;0;0;0;0;0;0;0;0;0;0;0;0;0;0;0;0;0;0;0;0;0;0;0;0;0;0;0;0;0;0;0;0;0;0;0;0;0;0;0;0;0;0;0;0;0;0;0;0;0;0;0;0;0;0;0;0;0;0;0;0;0;0;0;0;0;0;0;0;0;0;0;0;0;0;0;0;0;0;0;0;0;0;0;0;0;0;0;0;0;0;0;0;0;0;0;0;0;0;61;0;0
Otu109;0;0;0;0;0;0;0;0;0;0;0;0;0;0;0;0;0;0;0;0;0;0;0;0;0;0;0;0;0;0;0;0;0;0;0;0;0;0;0;0;0;0;0;0;0;0;0;0;0;0;0;0;0;0;0;0;0;0;0;0;0;0;0;0;0;0;0;0;0;0;0;0;0;0;0;0;0;0;0;0;0;0;0;0;0;0;0;0;0;0;0;0;0;0;0;0;0;0;0;0;0;0;0;0;0;0;0;0;0;0;0;0;0;0;0;0;0;0;0;0;0;0;0;0;0;0;0;0;0;0;0;0;0;0;0;0;2;0;0;0;0;0;0;0;0;0;0;0;0;0;0;0;0;0;0;0;0;0;0;0;0;0;0;0;0;0;0;0;0;0;0;0;0;0;48;0;0
Otu110;0;0;0;0;0;0;0;0;0;0;0;0;0;0;0;0;4;0;0;0;0;0;0;0;0;0;0;0;1;0;0;0;0;0;0;0;1;0;0;0;0;0;0;0;0;0;0;0;0;0;0;0;0;0;0;0;0;0;0;0;0;0;0;0;0;0;0;0;0;0;0;0;0;0;0;0;0;0;0;0;0;0;0;0;0;0;0;0;0;0;0;0;0;0;0;0;0;0;0;0;0;0;0;0;0;0;0;0;0;0;0;0;0;0;0;0;0;0;0;0;0;0;0;0;0;0;0;0;0;0;0;0;0;0;0;0;35;0;0;0;0;0;0;0;0;0;0;0;0;0;0;0;0;0;0;0;0;0;0;0;0;0;0;0;0;0;0;0;0;0;0;0;77;0;68;0;0
Otu111;0;0;0;0;0;0;0;0;0;0;0;0;0;0;0;0;180;121;0;0;0;0;0;0;0;0;0;11;8;0;0;0;0;0;0;0;0;0;0;0;0;0;0;0;0;0;0;0;0;0;0;0;0;0;0;0;0;0;0;0;0;0;0;0;0;0;0;0;0;0;0;0;0;0;0;0;0;0;0;0;0;0;0;0;0;0;0;0;0;0;0;0;0;0;0;0;0;0;0;0;0;0;0;0;0;0;0;0;0;0;0;0;0;0;0;0;0;0;0;0;0;0;0;0;0;0;0;0;0;0;0;0;0;0;0;0;0;0;0;0;0;0;0;0;0;0;0;0;0;0;0;0;0;0;0;0;0;0;0;0;0;0;0;0;0;0;0;0;0;0;0;0;0;0;0;0;0
Otu112;0;0;0;0;0;0;0;0;0;0;0;0;0;0;0;0;0;0;0;0;0;0;0;0;0;0;0;0;0;0;0;0;0;0;0;0;0;0;0;0;0;0;0;0;0;0;0;0;0;0;0;0;0;0;0;0;0;0;0;0;0;0;0;0;0;0;0;0;0;0;0;0;0;0;0;0;0;0;0;0;0;0;0;0;0;0;0;0;0;0;0;0;0;0;0;0;0;0;0;0;0;0;0;0;0;0;0;0;0;0;0;0;0;0;0;0;0;0;0;0;0;0;0;0;0;0;0;0;0;0;0;0;0;0;0;0;46;0;0;0;0;0;0;0;0;0;0;0;0;0;0;0;0;0;0;0;0;0;0;0;0;0;0;0;0;0;0;0;0;0;0;0;0;0;0;0;0
Otu113;0;0;0;0;0;0;0;0;0;0;0;0;0;0;0;0;0;0;0;0;0;0;0;0;0;0;0;0;0;0;0;0;0;0;0;0;0;0;0;0;0;0;0;0;0;0;0;0;0;0;0;0;0;0;0;0;0;0;0;0;0;0;0;0;0;0;0;0;0;0;0;0;0;0;0;0;0;0;0;0;0;0;0;0;0;0;0;0;0;0;0;0;0;0;0;0;0;0;0;0;0;0;0;0;0;0;0;0;0;0;0;0;0;0;0;0;0;0;0;0;0;0;0;0;0;0;0;0;0;0;0;0;0;0;0;0;0;0;0;0;0;0;0;0;0;0;0;0;0;0;0;0;0;0;0;0;0;0;0;0;0;0;0;0;0;0;0;0;0;0;0;0;0;0;34;0;0
Otu114;0;0;0;0;0;0;0;0;0;6;0;0;0;0;1;0;6;0;12;0;0;0;0;0;0;0;0;0;0;0;0;0;0;0;0;3;0;0;0;0;0;0;0;0;0;0;0;0;0;0;0;0;0;0;0;0;0;0;0;0;0;0;0;0;0;0;0;0;0;0;0;0;0;0;0;0;0;0;0;1;0;0;0;0;0;0;2;9;0;364;0;0;0;0;0;0;0;341;0;0;0;0;0;0;0;0;0;0;0;0;0;0;0;0;0;1;3;0;0;0;0;0;0;0;0;0;0;276;355;1;0;0;0;0;0;0;0;0;0;0;0;0;0;0;0;0;0;0;0;0;0;0;0;0;0;0;0;0;0;0;0;0;0;0;0;0;0;0;0;0;0;0;0;0;3;0;0
Otu115;0;0;0;0;0;0;0;0;0;1;0;0;0;0;0;0;0;0;0;0;0;0;0;0;0;3;0;0;0;0;0;0;0;0;0;0;0;0;0;0;0;0;0;0;0;0;0;0;0;0;0;0;0;0;0;0;0;0;0;0;0;0;0;0;0;0;0;0;0;0;0;0;0;0;0;0;0;0;0;0;0;0;0;0;0;0;0;0;0;0;0;0;0;0;0;0;0;0;0;0;0;0;0;0;0;0;0;0;0;0;0;0;0;0;0;0;0;0;0;0;0;0;0;0;0;0;0;0;0;0;0;427;0;0;0;0;0;0;0;0;0;0;0;0;260;0;0;0;0;5;0;0;0;0;0;1;0;0;0;0;0;0;0;0;0;0;0;0;0;0;0;0;0;0;1;0;0
Otu116;0;0;0;0;0;0;0;0;0;0;0;0;0;0;0;0;0;0;0;0;0;0;0;0;0;0;0;0;0;0;0;0;0;0;0;0;0;0;0;0;0;0;0;0;0;0;0;0;0;0;0;0;0;0;0;0;0;0;0;0;0;0;0;0;0;0;0;0;0;0;0;0;0;0;0;0;0;0;0;0;0;0;0;0;0;0;0;0;0;0;0;0;0;0;0;0;0;0;0;0;0;0;0;0;0;0;0;0;0;0;0;0;0;0;0;0;0;0;0;0;0;0;0;0;0;0;0;0;0;0;0;0;0;0;0;0;1;0;0;0;0;0;0;0;0;0;0;0;0;38;0;0;0;0;0;0;0;0;0;0;0;0;0;0;0;0;0;0;0;0;0;0;0;0;0;0;0
Otu117;0;0;0;0;0;0;0;0;0;0;0;0;0;0;0;0;0;0;0;0;0;0;0;0;0;0;0;0;0;0;0;0;0;0;0;0;0;0;0;0;0;0;0;0;0;0;0;0;0;0;0;0;0;0;0;0;0;0;0;0;0;0;0;0;0;0;0;0;0;0;0;0;0;0;0;0;0;0;0;0;0;0;0;0;0;0;0;0;0;0;0;0;0;0;0;0;0;0;0;0;0;0;0;0;0;0;0;0;0;0;0;0;0;0;0;0;0;0;0;0;0;0;0;0;0;0;0;0;0;0;0;0;0;0;0;0;0;0;0;0;0;0;0;0;0;0;0;0;0;49;0;0;0;0;0;0;0;0;0;0;0;0;0;0;0;0;0;0;0;0;0;0;2;0;1;0;0
Otu118;0;0;0;0;0;0;0;0;0;0;0;0;0;0;0;0;0;0;0;0;0;0;0;0;0;0;0;0;0;0;0;0;0;0;0;0;0;0;0;0;0;0;0;0;0;0;0;0;0;0;0;0;0;0;0;0;0;0;0;0;0;0;0;0;0;0;0;0;0;0;0;0;0;0;0;0;0;0;0;0;0;0;20;0;0;0;0;0;0;0;0;0;0;0;0;0;0;0;0;0;0;0;0;0;0;0;0;0;0;0;0;0;0;0;0;0;0;0;0;0;0;0;0;0;0;0;0;0;0;0;0;0;0;0;0;0;0;0;0;0;0;0;0;0;0;0;0;0;0;0;0;0;0;0;0;0;0;0;0;0;0;0;0;0;0;0;0;0;0;0;0;0;0;0;0;0;0
Otu119;0;0;0;0;0;0;0;0;0;0;0;0;0;0;0;0;0;0;0;0;0;0;0;0;0;0;0;0;0;0;0;0;0;0;0;0;0;0;0;0;0;0;0;0;0;0;0;0;0;0;0;0;0;0;0;0;0;0;0;0;0;0;0;0;0;0;0;0;0;0;0;0;0;0;0;0;0;0;0;0;0;0;0;0;0;0;0;0;0;0;0;0;0;0;0;0;0;0;0;0;0;0;0;0;0;0;0;0;0;0;0;0;0;0;0;0;0;0;0;0;0;0;0;0;0;0;0;0;0;0;0;0;0;0;0;0;0;0;0;0;0;0;0;0;0;0;0;0;0;0;0;0;0;0;0;0;0;0;0;0;0;0;0;0;0;0;0;0;0;0;0;0;29;0;0;0;0
Otu120;0;0;0;0;0;0;0;0;0;0;0;0;0;0;0;0;0;0;0;0;0;0;0;0;0;0;0;0;0;0;0;0;0;0;0;0;0;0;0;0;0;0;0;0;0;0;0;0;0;0;0;0;0;0;0;0;0;0;0;0;0;0;0;0;0;0;0;0;0;0;0;0;0;0;0;0;0;0;0;0;0;0;0;0;0;0;0;0;0;0;0;0;0;0;0;0;0;0;0;0;0;0;0;0;0;0;0;0;0;0;0;0;0;0;0;0;0;0;0;0;0;0;0;0;0;0;0;0;0;0;0;0;0;0;0;0;0;0;0;0;0;0;0;0;0;0;0;0;0;0;0;0;0;0;0;0;0;0;0;0;0;0;0;0;0;0;0;0;0;0;0;0;0;0;37;0;0
Otu121;0;0;0;0;0;0;0;0;0;0;0;0;0;0;0;0;0;0;0;0;0;0;0;0;0;0;0;0;0;0;0;0;0;0;0;0;0;0;0;0;0;0;0;0;0;0;0;0;0;0;0;0;0;0;0;0;0;0;0;0;0;0;0;0;0;0;0;0;0;0;0;0;0;0;0;0;0;0;0;0;0;0;0;0;0;0;0;0;0;0;0;0;0;0;0;0;0;0;0;0;0;0;0;0;0;0;0;0;0;0;0;0;0;0;0;0;0;0;0;0;0;0;0;0;0;0;0;0;0;0;0;0;0;0;0;0;0;0;0;0;0;0;0;0;0;0;0;0;0;0;0;0;0;0;0;0;0;0;0;0;0;0;0;20;0;0;0;0;0;0;0;0;0;0;0;0;0
Otu122;0;0;0;0;0;0;0;0;0;0;0;0;0;0;0;0;0;0;0;0;0;0;0;0;0;0;0;0;0;0;0;0;0;0;0;0;0;0;0;0;0;0;0;0;0;0;0;0;0;0;0;0;0;0;0;0;0;0;0;0;0;0;0;0;0;0;0;0;0;0;0;0;0;0;0;0;0;0;0;0;0;0;0;0;0;0;0;0;0;0;0;0;0;0;0;0;0;0;0;0;0;0;0;0;0;0;0;0;0;0;0;0;0;0;0;0;0;0;0;0;0;0;0;0;0;0;0;0;0;0;0;0;0;0;0;0;0;0;0;0;0;0;0;0;0;0;0;0;0;0;0;0;0;0;0;0;0;0;0;0;0;0;0;0;0;0;0;0;0;0;0;0;61;0;0;0;0
Otu123;0;0;0;0;0;0;0;0;0;0;0;0;0;0;0;0;0;0;0;0;0;0;0;0;0;0;0;0;0;0;0;0;0;0;0;0;0;0;0;0;0;0;0;0;0;0;0;0;0;0;0;0;0;0;0;0;0;0;0;0;0;0;0;0;0;0;0;0;0;0;0;0;0;0;0;0;0;0;0;0;0;0;0;0;0;0;0;0;0;0;0;0;0;0;0;0;0;0;0;0;0;0;0;0;0;0;0;0;0;0;0;0;0;0;0;0;0;0;0;0;0;0;0;0;0;0;0;0;0;0;1;0;2;0;0;0;2;0;0;0;0;0;0;0;0;0;0;0;0;0;0;0;0;0;0;0;0;0;0;0;0;0;0;0;0;0;0;0;0;0;0;0;12;0;88;0;0
Otu124;0;0;0;0;0;0;0;0;0;0;0;0;1;0;0;0;0;0;0;0;0;0;0;0;0;0;0;0;0;0;0;0;0;0;0;0;0;0;0;0;0;0;1;0;0;0;0;0;1;0;0;0;0;0;0;0;0;0;0;0;0;0;0;0;0;0;0;0;0;0;0;181;0;0;0;0;0;0;0;0;0;0;79;0;0;0;0;0;0;0;0;0;0;0;0;0;1;0;0;0;0;0;2;0;0;0;0;0;0;0;0;0;1;0;0;0;0;2;0;0;0;0;0;0;0;0;0;0;0;0;229;0;0;0;0;1;0;0;0;0;0;0;0;0;0;0;0;0;0;0;0;0;0;0;0;0;0;0;0;0;0;0;0;0;0;0;0;0;0;0;0;0;0;0;0;0;0
Otu125;0;0;0;0;0;0;0;0;0;0;0;0;0;0;0;0;0;0;0;0;0;0;0;0;0;0;0;0;0;0;0;0;0;0;0;0;0;0;0;0;0;0;0;0;0;0;0;0;0;0;0;0;0;0;0;0;0;0;0;0;0;0;0;0;0;0;0;0;0;0;0;0;0;0;0;0;0;0;0;0;0;0;0;0;0;0;0;0;0;0;0;0;0;0;0;0;0;0;0;0;0;0;0;0;0;0;0;0;0;0;0;0;0;0;0;0;0;0;0;0;0;0;0;0;0;0;0;0;0;0;0;0;0;0;0;0;0;0;0;0;0;0;0;0;0;0;0;0;0;0;0;0;0;0;0;0;0;0;0;0;0;0;0;0;0;0;0;0;0;0;0;0;20;0;0;0;0
Otu126;0;0;0;0;0;0;0;0;0;0;0;0;0;0;0;0;0;0;0;0;0;0;0;0;0;0;0;0;0;0;0;0;0;0;0;0;0;0;0;0;0;0;0;0;0;0;0;0;0;0;0;0;0;0;0;0;0;0;0;0;0;0;0;0;0;0;0;0;0;0;0;0;0;0;0;0;0;0;0;0;0;0;0;0;0;0;0;0;0;0;0;0;0;0;0;0;0;0;0;0;0;0;0;0;0;0;0;0;0;0;0;0;0;0;0;0;0;0;0;0;0;0;0;0;0;0;0;0;0;0;0;0;0;0;0;0;0;0;0;0;0;0;0;0;0;0;0;0;0;0;0;0;0;0;0;0;0;0;0;0;0;0;0;0;0;0;0;0;0;0;0;0;0;0;23;0;0
Otu127;0;0;0;0;0;0;0;0;0;0;0;0;0;0;0;0;0;0;0;0;0;0;0;0;0;0;0;0;0;0;0;0;0;0;0;0;0;0;0;0;0;0;0;0;0;0;0;0;0;0;0;0;0;0;0;0;0;0;0;0;0;0;0;0;0;0;0;0;0;0;0;0;0;0;0;0;0;0;0;0;0;0;0;0;0;0;0;0;0;0;0;0;0;0;0;0;0;0;0;0;0;0;0;0;0;0;0;0;0;0;0;0;0;0;0;0;0;0;0;0;0;0;0;0;0;0;0;0;0;0;0;0;0;0;0;0;0;0;0;0;0;0;0;0;0;0;0;0;0;0;0;0;0;0;0;0;0;0;0;0;0;0;0;0;0;0;0;0;0;0;0;0;0;0;39;0;0
Otu128;0;0;0;0;0;117;0;0;0;0;0;0;0;0;0;0;0;0;0;0;0;0;0;0;0;0;0;0;0;0;0;0;1;0;0;0;1;0;0;0;0;0;0;0;0;0;0;0;0;0;0;0;0;0;0;0;0;0;0;0;0;0;0;0;0;0;0;0;0;0;0;0;0;0;0;0;0;0;0;0;0;0;0;0;0;0;0;0;0;0;0;0;0;0;0;1;0;0;0;0;0;0;0;0;0;0;0;0;0;0;0;0;0;0;0;0;0;0;0;0;0;0;0;0;0;0;0;0;0;0;0;0;0;0;0;0;0;0;0;0;0;0;0;0;0;0;0;0;0;0;0;0;0;0;0;0;0;0;0;0;0;0;0;0;0;0;0;0;0;0;0;0;0;0;0;0;0
Otu129;0;0;0;0;0;0;0;0;0;0;0;0;0;0;0;0;0;0;0;0;0;0;0;0;0;0;0;0;0;0;0;0;0;0;0;0;0;0;0;0;0;0;0;0;0;0;0;0;0;0;0;0;0;0;0;0;0;0;0;0;0;0;0;0;0;0;0;0;0;0;0;0;364;0;0;0;1;0;0;2;0;0;0;0;0;0;0;1;0;0;0;0;0;0;0;0;0;0;0;0;0;0;0;0;1;0;0;0;0;0;0;0;0;0;0;2;0;0;0;0;0;0;0;0;4;1;0;0;0;0;0;0;0;0;0;0;0;0;0;0;0;0;0;0;0;0;0;0;0;0;0;0;0;0;0;0;0;0;0;0;0;0;0;0;0;0;0;0;0;0;0;0;0;0;0;0;0
Otu130;0;0;0;0;0;0;0;0;0;0;0;0;0;0;0;0;0;0;0;0;0;0;0;0;0;0;0;0;0;0;0;0;0;0;0;0;0;0;0;0;0;0;0;0;0;0;0;0;0;0;0;0;0;0;0;0;0;0;0;0;0;0;0;0;0;0;0;0;0;0;0;0;0;0;0;0;0;0;0;0;0;0;0;0;0;0;0;0;0;0;0;0;0;0;0;0;0;0;0;0;0;0;0;0;0;0;0;0;0;0;0;0;0;0;0;0;0;0;0;0;0;0;0;0;0;0;0;0;0;0;0;0;0;0;0;0;14;0;0;0;0;0;0;0;0;0;0;0;0;0;0;0;0;0;0;0;0;0;0;0;0;0;0;0;0;0;0;0;0;0;0;0;0;0;0;0;0
Otu131;0;0;0;0;0;0;0;0;0;0;0;0;0;0;0;0;0;0;0;0;0;0;0;0;0;0;0;0;0;0;0;0;0;0;0;0;0;0;0;0;0;0;0;0;0;0;0;0;0;0;0;0;0;0;0;0;0;0;0;0;0;0;0;0;0;0;0;0;0;0;0;0;0;0;0;0;0;0;0;0;0;0;0;0;0;0;0;0;0;0;0;0;0;0;0;0;0;0;0;0;0;0;0;0;0;0;0;0;0;0;0;0;0;0;0;0;0;0;0;0;0;0;0;0;0;0;0;0;0;0;0;0;0;0;0;0;0;0;0;0;0;0;0;0;0;0;0;0;0;0;0;0;0;0;0;0;0;0;0;0;0;0;0;0;0;0;0;0;0;0;0;0;347;0;0;0;0
Otu132;0;0;0;0;0;0;0;0;0;0;0;0;0;0;0;0;0;0;0;0;0;0;0;0;0;0;0;0;0;0;0;0;0;0;0;0;0;0;0;0;0;0;0;0;0;0;0;0;0;0;0;0;0;0;0;0;0;0;0;0;0;0;0;0;0;0;0;0;0;0;0;0;0;0;0;0;0;0;0;0;0;0;0;0;0;0;0;0;0;0;0;0;0;0;0;0;0;0;0;0;0;0;0;0;0;0;0;0;0;0;0;0;0;0;0;0;0;0;0;0;0;0;0;0;0;0;0;0;0;0;0;0;0;0;0;0;0;0;0;0;0;0;0;0;0;0;0;0;0;0;0;0;0;0;0;0;0;0;0;0;0;0;0;0;0;0;0;0;0;0;0;0;0;0;37;0;0
Otu133;0;0;0;0;0;0;0;0;0;0;0;0;0;0;0;0;0;0;0;0;0;0;0;0;0;0;0;0;0;0;0;0;0;0;0;0;0;0;0;0;0;0;0;0;0;0;0;0;0;0;0;0;0;0;0;0;0;0;0;0;0;0;0;0;0;0;0;0;0;0;0;0;0;0;0;0;0;0;0;0;0;0;0;0;0;0;0;0;0;0;0;0;0;0;0;0;0;0;0;0;0;0;0;0;0;0;0;0;0;0;0;0;0;0;0;0;0;0;0;0;0;0;0;0;0;0;0;0;0;0;0;0;0;0;0;0;0;0;0;0;0;0;0;0;0;0;0;0;0;26;0;0;0;0;0;0;0;0;0;0;0;0;0;0;0;0;0;0;0;0;0;0;0;0;0;0;0
