baseclear_id;mastermix;project_v.2;pos_work;extract pos;extract ID;registr.code;field nmbr;extractiemethode;taxon;lat;long;country;locality;plate;DS_dsDNA;DS_260/280;DS_RRSE;PCR1 ID;marker;primer F;primer R;bead_ratio;template_dilution;FA_size_PCR1;FA_mol_PCR1;PCR1 pos;PCR2 ID;label set;FA_size_PCR2;FA_mol_PCR2;PCR2 pos
e4012511305_NBCLAB2830_UPG77_rf4_Cal1_EG005_C_C1_EG005_6_72445_2_ACTCGCTAGTAAGGAG_L001_merged_trimmed_filtered;aDNA;20035-298-545;A01;NCBN001075-A01;4012511305;NBC.LAB.2830;UPG77-rf4-Cal1;GITC + EtOH + cleanKit;Calcarina sp2;-5;119;Indonesia;Makassar;NCBN001075;0.26;1.12;127.9;EG002;COI;NXT-foramCOI_F;NXT-foramCOI_R;0.9;10;no data;no data;A01;EG005;C;507;29.0903;C01
e4012511305_NBCLAB2830_UPG77_rf4_Cal1_EG006_D_G2_EG005_6_72445_108_GGAGCTACGAGCCTTA_L001_merged_trimmed_filtered;aDNA;20035-298-545;A01;NCBN001075-A01;4012511305;NBC.LAB.2830;UPG77-rf4-Cal1;GITC + EtOH + cleanKit;Calcarina sp2;-5;119;Indonesia;Makassar;NCBN001075;0.26;1.12;127.9;EG010;COI;NXT-foramCOI_F;NXT-foramCOI_R;0.9;10;no data;no data;A01;EG006;D;512;23.9519;G02
e4012511308_NBCLAB2902_UPG84_sand3_Ope8_EG006_D_G4_EG005_6_72445_124_CGGAGCCTGAGCCTTA_L001_merged_trimmed_filtered;aDNA;20035-298-545;A04;NCBN001075-A04;4012511308;NBC.LAB.2902;UPG84-sand3-Ope8;GITC + cleanKit;Operculina ammonoides;-5.078018;119.316899;Indonesia;Makassar;NCBN001075;0;0.25;93.28;EG010;COI;NXT-foramCOI_F;NXT-foramCOI_R;0.9;10;no data;no data;A04;EG006;D;511;22.3389;G04
e4012511311_NBCLAB2926_UPG94_rf3_Mar7_EG005_C_D2_EG005_6_72445_11_GGAGCTACACTGCATA_L001_merged_trimmed_filtered;aDNA;20035-298-545;A07;NCBN001075-A07;4012511311;NBC.LAB.2926;UPG94-rf3-Mar7;GITC + cleanKit;Marginopora vertebralis;-4.68754;118.9516;Indonesia;Makassar;NCBN001075;0;0.75;150.6;EG011;COI;NXT-foramCOI_F;NXT-foramCOI_R;0.9;10;no data;no data;A03;EG006;D;504;21.5436;C07
e4012511311_NBCLAB2926_UPG94_rf3_Mar7_EG006_D_C7_EG005_6_72445_144_TAGCGCTCCCTAGAGT_L001_merged_trimmed_filtered;aDNA;20035-298-545;A07;NCBN001075-A07;4012511311;NBC.LAB.2926;UPG94-rf3-Mar7;GITC + cleanKit;Marginopora vertebralis;-4.68754;118.9516;Indonesia;Makassar;NCBN001075;0;0.75;150.6;EG003;COI;NXT-foramCOI_F;NXT-foramCOI_R;0.9;10;no data;no data;B01;EG005;C;504;17.9992;D02
e4012511312_NBCLAB2934_UPG78_21_Amp1_EG005_C_H2_EG005_6_72445_15_GGAGCTACTCTCTCCG_L001_merged_trimmed_filtered;aDNA;20035-298-545;A08;NCBN001075-A08;4012511312;NBC.LAB.2934;UPG78-21-Amp1;GITC + cleanKit;Amphistegina radiata;-4.97522;119.20795;Indonesia;Makassar;NCBN001075;0;0.95;103.22;EG003;COI;NXT-foramCOI_F;NXT-foramCOI_R;0.9;10;no data;no data;B02;EG005;C;506;7.3858;H02
e4012511313_NBCLAB2942_UPG78_21_Amp9_EG006_D_E8_EG005_6_72445_154_ACTGAGCGCTATTAAG_L001_merged_trimmed_filtered;aDNA;20035-298-545;A09;NCBN001075-A09;4012511313;NBC.LAB.2942;UPG78-21-Amp9;GITC + cleanKit;Amphistegina radiata;-4.97522;119.20795;Indonesia;Makassar;NCBN001075;0.28;1.22;111.83;EG012;COI;NXT-foramCOI_F;NXT-foramCOI_R;0.9;10;no data;no data;A01;EG006;D;514;10.5519;E08
e4012511317_NBCLAB2831_UPG77_rf4_Cal2_EG005_C_D1_EG005_6_72445_3_ACTCGCTAACTGCATA_L001_merged_trimmed_filtered;aDNA;20035-298-545;B01;NCBN001075-B01;4012511317;NBC.LAB.2831;UPG77-rf4-Cal2;GITC + EtOH + cleanKit;Calcarina sp2;-5;119;Indonesia;Makassar;NCBN001075;0;0.19;62.71;EG002;COI;NXT-foramCOI_F;NXT-foramCOI_R;0.9;10;no data;no data;B01;EG005;C;504;37.4931;D01
e4012511317_NBCLAB2831_UPG77_rf4_Cal2_EG006_D_H2_EG005_6_72445_109_GGAGCTACTTATGCGA_L001_merged_trimmed_filtered;aDNA;20035-298-545;B01;NCBN001075-B01;4012511317;NBC.LAB.2831;UPG77-rf4-Cal2;GITC + EtOH + cleanKit;Calcarina sp2;-5;119;Indonesia;Makassar;NCBN001075;0;0.19;62.71;EG010;COI;NXT-foramCOI_F;NXT-foramCOI_R;0.9;10;no data;no data;B01;EG006;D;507;30.2194;H02
e4012511318_NBCLAB2887_UPG77_rf4_Cal4_EG005_C_H1_EG005_6_72445_7_ACTCGCTATCTCTCCG_L001_merged_trimmed_filtered;aDNA;20035-298-545;B02;NCBN001075-B02;4012511318;NBC.LAB.2887;UPG77-rf4-Cal4;GITC + cleanKit;Calcarina sp2;-5;119;Indonesia;Makassar;NCBN001075;0;1.1;33.74;EG010;COI;NXT-foramCOI_F;NXT-foramCOI_R;0.9;10;no data;no data;B02;EG006;D;519;19.4225;D03
e4012511318_NBCLAB2887_UPG77_rf4_Cal4_EG006_D_D3_EG005_6_72445_113_GCGTAGTAGCGTAAGA_L001_merged_trimmed_filtered;aDNA;20035-298-545;B02;NCBN001075-B02;4012511318;NBC.LAB.2887;UPG77-rf4-Cal4;GITC + cleanKit;Calcarina sp2;-5;119;Indonesia;Makassar;NCBN001075;0;1.1;33.74;EG002;COI;NXT-foramCOI_F;NXT-foramCOI_R;0.9;10;no data;no data;B02;EG005;C;514;36.3207;H01
e4012511320_NBCLAB2903_UPG84_sand3_Ope9_EG006_D_H4_EG005_6_72445_125_CGGAGCCTTTATGCGA_L001_merged_trimmed_filtered;aDNA;20035-298-545;B04;NCBN001075-B04;4012511320;NBC.LAB.2903;UPG84-sand3-Ope9;GITC + cleanKit;Operculina ammonoides;-5.078018;119.316899;Indonesia;Makassar;NCBN001075;0;0.25;101.09;EG010;COI;NXT-foramCOI_F;NXT-foramCOI_R;0.9;10;no data;no data;B04;EG006;D;512;25.3777;H04
e4012511321_NBCLAB2911_UPG84_sand2_Alv6_EG006_D_F5_EG005_6_72445_131_TACGCTGCAAGGCTAT_L001_merged_trimmed_filtered;aDNA;20035-298-545;B05;NCBN001075-B05;4012511321;NBC.LAB.2911;UPG84-sand2-Alv6;GITC + cleanKit;Alveolinella quoyi;-5.078018;119.316899;Indonesia;Makassar;NCBN001075;0;5.73;120.09;EG011;COI;NXT-foramCOI_F;NXT-foramCOI_R;0.9;10;no data;no data;B01;EG006;D;511;16.6406;F05
e4012511322_NBCLAB2919_UPG84_sand2_Alv14_EG006_D_D6_EG005_6_72445_137_ATGCGCAGGCGTAAGA_L001_merged_trimmed_filtered;aDNA;20035-298-545;B06;NCBN001075-B06;4012511322;NBC.LAB.2919;UPG84-sand2-Alv14;Extraction micro kit;Alveolinella quoyi;-5.078018;119.316899;Indonesia;Makassar;NCBN001075;0;3.92;16.54;EG011;COI;NXT-foramCOI_F;NXT-foramCOI_R;0.9;10;no data;no data;B02;EG006;D;503;18.3441;D06
e4012511323_NBCLAB2927_UPG94_rf3_Mar8_EG005_C_E2_EG005_6_72445_12_GGAGCTACAAGGAGTA_L001_merged_trimmed_filtered;aDNA;20035-298-545;B07;NCBN001075-B07;4012511323;NBC.LAB.2927;UPG94-rf3-Mar8;GITC + cleanKit;Marginopora vertebralis;-4.68754;118.9516;Indonesia;Makassar;NCBN001075;0;2.69;218.32;EG011;COI;NXT-foramCOI_F;NXT-foramCOI_R;0.9;10;no data;no data;B03;EG006;D;504;23.4254;D07
e4012511323_NBCLAB2927_UPG94_rf3_Mar8_EG006_D_D7_EG005_6_72445_145_TAGCGCTCGCGTAAGA_L001_merged_trimmed_filtered;aDNA;20035-298-545;B07;NCBN001075-B07;4012511323;NBC.LAB.2927;UPG94-rf3-Mar8;GITC + cleanKit;Marginopora vertebralis;-4.68754;118.9516;Indonesia;Makassar;NCBN001075;0;2.69;218.32;EG003;COI;NXT-foramCOI_F;NXT-foramCOI_R;0.9;10;no data;no data;C01;EG005;C;502;31.624;E02
e4012511329_NBCLAB2832_UPG77_rf4_Cal3_EG005_C_E1_EG005_6_72445_4_ACTCGCTAAAGGAGTA_L001_merged_trimmed_filtered;aDNA;20035-298-545;C01;NCBN001075-C01;4012511329;NBC.LAB.2832;UPG77-rf4-Cal3;GITC + EtOH + cleanKit;Calcarina sp2;-5;119;Indonesia;Makassar;NCBN001075;0.82;0.69;104.84;EG010;COI;NXT-foramCOI_F;NXT-foramCOI_R;0.9;10;no data;no data;C01;EG006;D;511;24.5519;A03
e4012511329_NBCLAB2832_UPG77_rf4_Cal3_EG006_D_A3_EG005_6_72445_110_GCGTAGTATCGACTAG_L001_merged_trimmed_filtered;aDNA;20035-298-545;C01;NCBN001075-C01;4012511329;NBC.LAB.2832;UPG77-rf4-Cal3;GITC + EtOH + cleanKit;Calcarina sp2;-5;119;Indonesia;Makassar;NCBN001075;0.82;0.69;104.84;EG002;COI;NXT-foramCOI_F;NXT-foramCOI_R;0.9;10;no data;no data;C01;EG005;C;509;23.1414;E01
e4012511330_NBCLAB2888_UPG77_rf4_Cal5_EG005_C_A2_EG005_6_72445_8_GGAGCTACCTCTCTAT_L001_merged_trimmed_filtered;aDNA;20035-298-545;C02;NCBN001075-C02;4012511330;NBC.LAB.2888;UPG77-rf4-Cal5;GITC + cleanKit;Calcarina sp2;-5;119;Indonesia;Makassar;NCBN001075;0.38;2.11;109.85;EG002;COI;NXT-foramCOI_F;NXT-foramCOI_R;0.9;10;no data;no data;C02;EG005;C;500;28.2152;A02
e4012511330_NBCLAB2888_UPG77_rf4_Cal5_EG006_D_E3_EG005_6_72445_114_GCGTAGTACTATTAAG_L001_merged_trimmed_filtered;aDNA;20035-298-545;C02;NCBN001075-C02;4012511330;NBC.LAB.2888;UPG77-rf4-Cal5;GITC + cleanKit;Calcarina sp2;-5;119;Indonesia;Makassar;NCBN001075;0.38;2.11;109.85;EG010;COI;NXT-foramCOI_F;NXT-foramCOI_R;0.9;10;no data;no data;C02;EG006;D;503;26.4969;E03
e4012511333_NBCLAB2912_UPG84_sand2_Alv7_EG006_D_G5_EG005_6_72445_132_TACGCTGCGAGCCTTA_L001_merged_trimmed_filtered;aDNA;20035-298-545;C05;NCBN001075-C05;4012511333;NBC.LAB.2912;UPG84-sand2-Alv7;GITC + cleanKit;Alveolinella quoyi;-5.078018;119.316899;Indonesia;Makassar;NCBN001075;0.29;0.5;53.04;EG011;COI;NXT-foramCOI_F;NXT-foramCOI_R;0.9;10;no data;no data;C01;EG006;D;516;9.435;G05
e4012511334_NBCLAB2920_UPG94_rf3_Mar1_EG006_D_E6_EG005_6_72445_138_ATGCGCAGCTATTAAG_L001_merged_trimmed_filtered;aDNA;20035-298-545;C06;NCBN001075-C06;4012511334;NBC.LAB.2920;UPG94-rf3-Mar1;GITC + cleanKit;Amphisorus SpS;-4.68754;118.9516;Indonesia;Makassar;NCBN001075;0;1.77;86.82;EG011;COI;NXT-foramCOI_F;NXT-foramCOI_R;0.9;10;no data;no data;C02;EG006;D;502;30.8483;E06
e4012511335_NBCLAB2928_UPG94_rf3_Mar9_EG005_C_F2_EG005_6_72445_13_GGAGCTACCTAAGCCT_L001_merged_trimmed_filtered;aDNA;20035-298-545;C07;NCBN001075-C07;4012511335;NBC.LAB.2928;UPG94-rf3-Mar9;GITC + cleanKit;Marginopora vertebralis;-4.68754;118.9516;Indonesia;Makassar;NCBN001075;0.36;1.44;150.44;EG011;COI;NXT-foramCOI_F;NXT-foramCOI_R;0.9;10;no data;no data;C03;EG006;D;503;23.3692;E07
e4012511335_NBCLAB2928_UPG94_rf3_Mar9_EG006_D_E7_EG005_6_72445_146_TAGCGCTCCTATTAAG_L001_merged_trimmed_filtered;aDNA;20035-298-545;C07;NCBN001075-C07;4012511335;NBC.LAB.2928;UPG94-rf3-Mar9;GITC + cleanKit;Marginopora vertebralis;-4.68754;118.9516;Indonesia;Makassar;NCBN001075;0.36;1.44;150.44;EG003;COI;NXT-foramCOI_F;NXT-foramCOI_R;0.9;10;no data;no data;D01;EG005;C;507;29.4102;F02
e4012511336_NBCLAB2936_UPG78_21_Amp3_EG006_D_A8_EG005_6_72445_150_ACTGAGCGTCGACTAG_L001_merged_trimmed_filtered;aDNA;20035-298-545;C08;NCBN001075-C08;4012511336;NBC.LAB.2936;UPG78-21-Amp3;GITC + cleanKit;Amphistegina radiata;-4.97522;119.20795;Indonesia;Makassar;NCBN001075;0.53;0.35;80.04;EG011;COI;NXT-foramCOI_F;NXT-foramCOI_R;0.9;10;no data;no data;C04;EG006;D;515;12.7321;A08
e4012511341_NBCLAB2833_UPG84_sand3_Ope1_EG005_C_F1_EG005_6_72445_5_ACTCGCTACTAAGCCT_L001_merged_trimmed_filtered;aDNA;20035-298-545;D01;NCBN001075-D01;4012511341;NBC.LAB.2833;UPG84-sand3-Ope1;GITC + EtOH + cleanKit;Operculina ammonoides;-5.078018;119.316899;Indonesia;Makassar;NCBN001075;0;-1.93;100.45;EG010;COI;NXT-foramCOI_F;NXT-foramCOI_R;0.9;10;no data;no data;D01;EG006;D;503;27.8495;B03
e4012511341_NBCLAB2833_UPG84_sand3_Ope1_EG006_D_B3_EG005_6_72445_111_GCGTAGTATTCTAGCT_L001_merged_trimmed_filtered;aDNA;20035-298-545;D01;NCBN001075-D01;4012511341;NBC.LAB.2833;UPG84-sand3-Ope1;GITC + EtOH + cleanKit;Operculina ammonoides;-5.078018;119.316899;Indonesia;Makassar;NCBN001075;0;-1.93;100.45;EG002;COI;NXT-foramCOI_F;NXT-foramCOI_R;0.9;10;no data;no data;D01;EG005;C;489;15.6097;F01
e4012511342_NBCLAB2889_UPG77_rf4_Cal6_EG006_D_F3_EG005_6_72445_115_GCGTAGTAAAGGCTAT_L001_merged_trimmed_filtered;aDNA;20035-298-545;D02;NCBN001075-D02;4012511342;NBC.LAB.2889;UPG77-rf4-Cal6;GITC + cleanKit;Calcarina sp2;-5;119;Indonesia;Makassar;NCBN001075;0;0.64;95.59;EG010;COI;NXT-foramCOI_F;NXT-foramCOI_R;0.9;10;no data;no data;D02;EG006;D;514;26.5302;F03
e4012511343_NBCLAB2897_UPG77_rf4_Cal14_EG006_D_C4_EG005_6_72445_120_CGGAGCCTCCTAGAGT_L001_merged_trimmed_filtered;aDNA;20035-298-545;D03;NCBN001075-D03;4012511343;NBC.LAB.2897;UPG77-rf4-Cal14;Extraction micro kit;Calcarina sp2;-5;119;Indonesia;Makassar;NCBN001075;0;3.02;17.71;EG010;COI;NXT-foramCOI_F;NXT-foramCOI_R;0.9;10;no data;no data;D03;EG006;D;509;24.469;C04
e4012511344_NBCLAB2905_UPG84_sand2_Ope11_EG006_D_A5_EG005_6_72445_126_TACGCTGCTCGACTAG_L001_merged_trimmed_filtered;aDNA;20035-298-545;D04;NCBN001075-D04;4012511344;NBC.LAB.2905;UPG84-sand2-Ope11;Extraction micro kit;Operculina ammonoides;-5.078018;119.316899;Indonesia;Makassar;NCBN001075;8.22;3.05;17.47;EG010;COI;NXT-foramCOI_F;NXT-foramCOI_R;0.9;10;no data;no data;D04;EG006;D;517;20.934;A05
e4012511345_NBCLAB2913_UPG84_sand2_Alv8_EG006_D_H5_EG005_6_72445_133_TACGCTGCTTATGCGA_L001_merged_trimmed_filtered;aDNA;20035-298-545;D05;NCBN001075-D05;4012511345;NBC.LAB.2913;UPG84-sand2-Alv8;GITC + cleanKit;Alveolinella quoyi;-5.078018;119.316899;Indonesia;Makassar;NCBN001075;0;8.71;111.89;EG011;COI;NXT-foramCOI_F;NXT-foramCOI_R;0.9;10;no data;no data;D01;EG006;D;514;10.9;H05
e4012511346_NBCLAB2921_UPG94_rf3_Mar2_EG006_D_F6_EG005_6_72445_139_ATGCGCAGAAGGCTAT_L001_merged_trimmed_filtered;aDNA;20035-298-545;D06;NCBN001075-D06;4012511346;NBC.LAB.2921;UPG94-rf3-Mar2;GITC + cleanKit;Marginopora vertebralis;-4.68754;118.9516;Indonesia;Makassar;NCBN001075;0.76;3.3;64.88;EG011;COI;NXT-foramCOI_F;NXT-foramCOI_R;0.9;10;no data;no data;D02;EG006;D;503;29.52;F06
e4012511354_NBCLAB2890_UPG77_rf4_Cal7_EG005_C_B2_EG005_6_72445_9_GGAGCTACTATCCTCT_L001_merged_trimmed_filtered;aDNA;20035-298-545;E02;NCBN001075-E02;4012511354;NBC.LAB.2890;UPG77-rf4-Cal7;GITC + cleanKit;Calcarina sp2;-5;119;Indonesia;Makassar;NCBN001075;0;0.34;112.16;EG002;COI;NXT-foramCOI_F;NXT-foramCOI_R;0.9;10;no data;no data;E02;EG005;C;534;21.1065;B02
e4012511354_NBCLAB2890_UPG77_rf4_Cal7_EG006_D_G3_EG005_6_72445_116_GCGTAGTAGAGCCTTA_L001_merged_trimmed_filtered;aDNA;20035-298-545;E02;NCBN001075-E02;4012511354;NBC.LAB.2890;UPG77-rf4-Cal7;GITC + cleanKit;Calcarina sp2;-5;119;Indonesia;Makassar;NCBN001075;0;0.34;112.16;EG010;COI;NXT-foramCOI_F;NXT-foramCOI_R;0.9;10;no data;no data;E02;EG006;D;528;18.7318;G03
e4012511355_NBCLAB2898_UPG84_sand3_Ope4_EG006_D_D4_EG005_6_72445_121_CGGAGCCTGCGTAAGA_L001_merged_trimmed_filtered;aDNA;20035-298-545;E03;NCBN001075-E03;4012511355;NBC.LAB.2898;UPG84-sand3-Ope4;GITC + cleanKit;Operculina ammonoides;-5.078018;119.316899;Indonesia;Makassar;NCBN001075;0;0.15;80.91;EG010;COI;NXT-foramCOI_F;NXT-foramCOI_R;0.9;10;no data;no data;E03;EG006;D;502;26.543;D04
e4012511356_NBCLAB2906_UPG84_sand2_Ope12_EG005_C_A1_EG005_6_72445_0_ACTCGCTACTCTCTAT_L001_merged_trimmed_filtered;aDNA;20035-298-545;E04;NCBN001075-E04;4012511356;NBC.LAB.2906;UPG84-sand2-Ope12;Extraction micro kit;Operculina ammonoides;-5.078018;119.316899;Indonesia;Makassar;NCBN001075;4.08;2.74;11.64;EG001;COI;NXT-foramCOI_F;NXT-foramCOI_R;0.9;10;no data;no data;C01;EG005;C;499;45.6662;A01
e4012511356_NBCLAB2906_UPG84_sand2_Ope12_EG005_C_E6_EG005_6_72445_44_ATGCGCAGAAGGAGTA_L001_merged_trimmed_filtered;aDNA;20035-298-545;E04;NCBN001075-E04;4012511356;NBC.LAB.2906;UPG84-sand2-Ope12;Extraction micro kit;Operculina ammonoides;-5.078018;119.316899;Indonesia;Makassar;NCBN001075;4.08;2.74;11.64;EG010;COI;NXT-foramCOI_F;NXT-foramCOI_R;0.9;10;no data;no data;E04;EG006;D;513;25.1099;B05
e4012511356_NBCLAB2906_UPG84_sand2_Ope12_EG005_C_G3_EG005_6_72445_22_GCGTAGTACGTCTAAT_L001_merged_trimmed_filtered;aDNA;20035-298-545;E04;NCBN001075-E04;4012511356;NBC.LAB.2906;UPG84-sand2-Ope12;Extraction micro kit;Operculina ammonoides;-5.078018;119.316899;Indonesia;Makassar;NCBN001075;4.08;2.74;11.64;EG006;COI;NXT-foramCOI_F;NXT-foramCOI_R;0.9;10;no data;no data;A01;EG005;C;505;30.6254;E06
e4012511356_NBCLAB2906_UPG84_sand2_Ope12_EG006_D_B5_EG005_6_72445_127_TACGCTGCTTCTAGCT_L001_merged_trimmed_filtered;aDNA;20035-298-545;E04;NCBN001075-E04;4012511356;NBC.LAB.2906;UPG84-sand2-Ope12;Extraction micro kit;Operculina ammonoides;-5.078018;119.316899;Indonesia;Makassar;NCBN001075;4.08;2.74;11.64;EG005;COI;NXT-foramCOI_F;NXT-foramCOI_R;0.9;10;no data;no data;A01;EG005;C;506;25.6822;G03
e4012511357_NBCLAB2914_UPG84_sand2_Alv9_EG006_D_A6_EG005_6_72445_134_ATGCGCAGTCGACTAG_L001_merged_trimmed_filtered;aDNA;20035-298-545;E05;NCBN001075-E05;4012511357;NBC.LAB.2914;UPG84-sand2-Alv9;GITC + cleanKit;Alveolinella quoyi;-5.078018;119.316899;Indonesia;Makassar;NCBN001075;0.16;-0.52;132.41;EG011;COI;NXT-foramCOI_F;NXT-foramCOI_R;0.9;10;no data;no data;E01;EG006;D;509;14.043;A06
e4012511358_NBCLAB2922_UPG94_rf3_Mar3_EG006_D_G6_EG005_6_72445_140_ATGCGCAGGAGCCTTA_L001_merged_trimmed_filtered;aDNA;20035-298-545;E06;NCBN001075-E06;4012511358;NBC.LAB.2922;UPG94-rf3-Mar3;GITC + cleanKit;Amphisorus SpS;-4.68754;118.9516;Indonesia;Makassar;NCBN001075;0;-1.26;148.43;EG011;COI;NXT-foramCOI_F;NXT-foramCOI_R;0.9;10;no data;no data;E02;EG006;D;506;32.3679;G06
e4012511361_NBCLAB2946_UPG78_21_Amp13_EG006_D_F8_EG005_6_72445_155_ACTGAGCGAAGGCTAT_L001_merged_trimmed_filtered;aDNA;20035-298-545;E09;NCBN001075-E09;4012511361;NBC.LAB.2946;UPG78-21-Amp13;Extraction micro kit;Amphistegina radiata;-4.97522;119.20795;Indonesia;Makassar;NCBN001075;3.54;3.09;26.49;EG012;COI;NXT-foramCOI_F;NXT-foramCOI_R;0.9;10;no data;no data;E01;EG006;D;515;26.1135;F08
e4012511365_NBCLAB2835_UPG84_sand3_Ope3_EG005_C_G1_EG005_6_72445_6_ACTCGCTACGTCTAAT_L001_merged_trimmed_filtered;aDNA;20035-298-545;F01;NCBN001075-F01;4012511365;NBC.LAB.2835;UPG84-sand3-Ope3;GITC + EtOH + cleanKit;Operculina ammonoides;-5.078018;119.316899;Indonesia;Makassar;NCBN001075;1.01;2.08;112.14;EG010;COI;NXT-foramCOI_F;NXT-foramCOI_R;0.9;10;no data;no data;F01;EG006;D;517;16.1867;C03
e4012511365_NBCLAB2835_UPG84_sand3_Ope3_EG006_D_C3_EG005_6_72445_112_GCGTAGTACCTAGAGT_L001_merged_trimmed_filtered;aDNA;20035-298-545;F01;NCBN001075-F01;4012511365;NBC.LAB.2835;UPG84-sand3-Ope3;GITC + EtOH + cleanKit;Operculina ammonoides;-5.078018;119.316899;Indonesia;Makassar;NCBN001075;1.01;2.08;112.14;EG002;COI;NXT-foramCOI_F;NXT-foramCOI_R;0.9;10;no data;no data;F01;EG005;C;506;14.5477;G01
e4012511366_NBCLAB2891_UPG77_rf4_Cal8_EG006_D_H3_EG005_6_72445_117_GCGTAGTATTATGCGA_L001_merged_trimmed_filtered;aDNA;20035-298-545;F02;NCBN001075-F02;4012511366;NBC.LAB.2891;UPG77-rf4-Cal8;GITC + cleanKit;Calcarina sp2;-5;119;Indonesia;Makassar;NCBN001075;0;4.06;148.56;EG010;COI;NXT-foramCOI_F;NXT-foramCOI_R;0.9;10;no data;no data;F02;EG006;D;508;30.5937;H03
e4012511368_NBCLAB2907_UPG84_sand2_Ope13_EG006_D_C5_EG005_6_72445_128_TACGCTGCCCTAGAGT_L001_merged_trimmed_filtered;aDNA;20035-298-545;F04;NCBN001075-F04;4012511368;NBC.LAB.2907;UPG84-sand2-Ope13;Extraction micro kit;Operculina ammonoides;-5.078018;119.316899;Indonesia;Makassar;NCBN001075;0;3.08;18.06;EG010;COI;NXT-foramCOI_F;NXT-foramCOI_R;0.9;10;no data;no data;F04;EG006;D;515;20.0073;C05
e4012511369_NBCLAB2915_UPG84_sand2_Alv10_EG006_D_B6_EG005_6_72445_135_ATGCGCAGTTCTAGCT_L001_merged_trimmed_filtered;aDNA;20035-298-545;F05;NCBN001075-F05;4012511369;NBC.LAB.2915;UPG84-sand2-Alv10;Extraction micro kit;Alveolinella quoyi;-5.078018;119.316899;Indonesia;Makassar;NCBN001075;5.68;2.67;11.98;EG011;COI;NXT-foramCOI_F;NXT-foramCOI_R;0.9;10;no data;no data;F01;EG006;D;506;18.8425;B06
e4012511370_NBCLAB2923_UPG94_rf3_Mar4_EG006_D_H6_EG005_6_72445_141_ATGCGCAGTTATGCGA_L001_merged_trimmed_filtered;aDNA;20035-298-545;F06;NCBN001075-F06;4012511370;NBC.LAB.2923;UPG94-rf3-Mar4;GITC + cleanKit;Marginopora vertebralis;-4.68754;118.9516;Indonesia;Makassar;NCBN001075;0;1.46;51.15;EG011;COI;NXT-foramCOI_F;NXT-foramCOI_R;0.9;10;no data;no data;F02;EG006;D;507;31.2817;H06
e4012511371_NBCLAB2931_UPG94_rf3_Mar12_EG005_C_G2_EG005_6_72445_14_GGAGCTACCGTCTAAT_L001_merged_trimmed_filtered;aDNA;20035-298-545;F07;NCBN001075-F07;4012511371;NBC.LAB.2931;UPG94-rf3-Mar12;Extraction micro kit;Amphisorus SpS;-4.68754;118.9516;Indonesia;Makassar;NCBN001075;18;2.58;11.55;EG011;COI;NXT-foramCOI_F;NXT-foramCOI_R;0.9;10;no data;no data;F03;EG006;D;507;21.263;F07
e4012511371_NBCLAB2931_UPG94_rf3_Mar12_EG006_D_F7_EG005_6_72445_147_TAGCGCTCAAGGCTAT_L001_merged_trimmed_filtered;aDNA;20035-298-545;F07;NCBN001075-F07;4012511371;NBC.LAB.2931;UPG94-rf3-Mar12;Extraction micro kit;Amphisorus SpS;-4.68754;118.9516;Indonesia;Makassar;NCBN001075;18;2.58;11.55;EG003;COI;NXT-foramCOI_F;NXT-foramCOI_R;0.9;10;no data;no data;G01;EG005;C;511;20.1628;G02
e4012511372_NBCLAB2939_UPG78_21_Amp6_EG006_D_B8_EG005_6_72445_151_ACTGAGCGTTCTAGCT_L001_merged_trimmed_filtered;aDNA;20035-298-545;F08;NCBN001075-F08;4012511372;NBC.LAB.2939;UPG78-21-Amp6;GITC + cleanKit;Amphistegina radiata;-4.97522;119.20795;Indonesia;Makassar;NCBN001075;0;2.99;105.59;EG011;COI;NXT-foramCOI_F;NXT-foramCOI_R;0.9;10;no data;no data;F04;EG006;D;508;16.4112;B08
e4012511373_NBCLAB2947_UPG78_21_Amp14_EG005_C_B1_EG005_6_72445_1_ACTCGCTATATCCTCT_L001_merged_trimmed_filtered;aDNA;20035-298-545;F09;NCBN001075-F09;4012511373;NBC.LAB.2947;UPG78-21-Amp14;Extraction micro kit;Amphistegina radiata;-4.97522;119.20795;Indonesia;Makassar;NCBN001075;0;4.01;31.09;EG001;COI;NXT-foramCOI_F;NXT-foramCOI_R;0.9;10;no data;no data;D01;EG005;C;507;28.2621;B01
e4012511373_NBCLAB2947_UPG78_21_Amp14_EG006_D_G8_EG005_6_72445_156_ACTGAGCGGAGCCTTA_L001_merged_trimmed_filtered;aDNA;20035-298-545;F09;NCBN001075-F09;4012511373;NBC.LAB.2947;UPG78-21-Amp14;Extraction micro kit;Amphistegina radiata;-4.97522;119.20795;Indonesia;Makassar;NCBN001075;0;4.01;31.09;EG012;COI;NXT-foramCOI_F;NXT-foramCOI_R;0.9;10;no data;no data;F01;EG006;D;513;22.856;G08
e4012511378_NBCLAB2892_UPG77_rf4_Cal9_EG006_D_A4_EG005_6_72445_118_CGGAGCCTTCGACTAG_L001_merged_trimmed_filtered;aDNA;20035-298-545;G02;NCBN001075-G02;4012511378;NBC.LAB.2892;UPG77-rf4-Cal9;GITC + cleanKit;Calcarina sp2;-5;119;Indonesia;Makassar;NCBN001075;0;-0.54;106.42;EG010;COI;NXT-foramCOI_F;NXT-foramCOI_R;0.9;10;no data;no data;G02;EG006;D;514;19.3316;A04
e4012511379_NBCLAB2900_UPG84_sand3_Ope6_EG006_D_E4_EG005_6_72445_122_CGGAGCCTCTATTAAG_L001_merged_trimmed_filtered;aDNA;20035-298-545;G03;NCBN001075-G03;4012511379;NBC.LAB.2900;UPG84-sand3-Ope6;GITC + cleanKit;Operculina ammonoides;-5.078018;119.316899;Indonesia;Makassar;NCBN001075;0;0.1;61.18;EG010;COI;NXT-foramCOI_F;NXT-foramCOI_R;0.9;10;no data;no data;G03;EG006;D;510;25.6625;E04
e4012511380_NBCLAB2908_UPG84_sand2_Ope14_EG006_D_D5_EG005_6_72445_129_TACGCTGCGCGTAAGA_L001_merged_trimmed_filtered;aDNA;20035-298-545;G04;NCBN001075-G04;4012511380;NBC.LAB.2908;UPG84-sand2-Ope14;Extraction micro kit;Operculina ammonoides;-5.078018;119.316899;Indonesia;Makassar;NCBN001075;18.73;3.22;18.91;EG010;COI;NXT-foramCOI_F;NXT-foramCOI_R;0.9;10;no data;no data;G04;EG006;D;513;21.2766;D05
e4012511381_NBCLAB2916_UPG84_sand2_Alv11_EG006_D_C6_EG005_6_72445_136_ATGCGCAGCCTAGAGT_L001_merged_trimmed_filtered;aDNA;20035-298-545;G05;NCBN001075-G05;4012511381;NBC.LAB.2916;UPG84-sand2-Alv11;Extraction micro kit;Alveolinella quoyi;-5.078018;119.316899;Indonesia;Makassar;NCBN001075;6.29;3.19;21.84;EG011;COI;NXT-foramCOI_F;NXT-foramCOI_R;0.9;10;no data;no data;G01;EG006;D;510;16.8055;C06
e4012511382_NBCLAB2924_UPG94_rf3_Mar5_EG006_D_A7_EG005_6_72445_142_TAGCGCTCTCGACTAG_L001_merged_trimmed_filtered;aDNA;20035-298-545;G06;NCBN001075-G06;4012511382;NBC.LAB.2924;UPG94-rf3-Mar5;GITC + cleanKit;Amphisorus SpS;-4.68754;118.9516;Indonesia;Makassar;NCBN001075;1.01;7.55;82.52;EG011;COI;NXT-foramCOI_F;NXT-foramCOI_R;0.9;10;no data;no data;G02;EG006;D;503;23.955;A07
e4012511383_NBCLAB2932_UPG94_rf3_Mar13_EG006_D_G7_EG005_6_72445_148_TAGCGCTCGAGCCTTA_L001_merged_trimmed_filtered;aDNA;20035-298-545;G07;NCBN001075-G07;4012511383;NBC.LAB.2932;UPG94-rf3-Mar13;Extraction micro kit;Amphisorus SpS;-4.68754;118.9516;Indonesia;Makassar;NCBN001075;19;2.51;11.62;EG011;COI;NXT-foramCOI_F;NXT-foramCOI_R;0.9;10;no data;no data;G03;EG006;D;506;17.575;G07
e4012511384_NBCLAB2940_UPG78_21_Amp7_EG006_D_C8_EG005_6_72445_152_ACTGAGCGCCTAGAGT_L001_merged_trimmed_filtered;aDNA;20035-298-545;G08;NCBN001075-G08;4012511384;NBC.LAB.2940;UPG78-21-Amp7;GITC + cleanKit;Amphistegina radiata;-4.97522;119.20795;Indonesia;Makassar;NCBN001075;0;2.21;118.06;EG011;COI;NXT-foramCOI_F;NXT-foramCOI_R;0.9;10;no data;no data;G04;EG006;D;518;5.6316;C08
e4012511390_NBCLAB2893_UPG77_rf4_Cal10_EG006_D_B4_EG005_6_72445_119_CGGAGCCTTTCTAGCT_L001_merged_trimmed_filtered;aDNA;20035-298-545;H02;NCBN001075-H02;4012511390;NBC.LAB.2893;UPG77-rf4-Cal10;Extraction micro kit;Calcarina sp2;-5;119;Indonesia;Makassar;NCBN001075;0.23;2.7;14.82;EG010;COI;NXT-foramCOI_F;NXT-foramCOI_R;0.9;10;no data;no data;H02;EG006;D;510;17.5094;B04
e4012511391_NBCLAB2901_UPG84_sand3_Ope7_EG006_D_F4_EG005_6_72445_123_CGGAGCCTAAGGCTAT_L001_merged_trimmed_filtered;aDNA;20035-298-545;H03;NCBN001075-H03;4012511391;NBC.LAB.2901;UPG84-sand3-Ope7;GITC + cleanKit;Operculina ammonoides;-5.078018;119.316899;Indonesia;Makassar;NCBN001075;0.68;1.8;159.79;EG010;COI;NXT-foramCOI_F;NXT-foramCOI_R;0.9;10;no data;no data;H03;EG006;D;509;26.1122;F04
e4012511392_NBCLAB2909_UPG84_sand2_Alv4_EG006_D_E5_EG005_6_72445_130_TACGCTGCCTATTAAG_L001_merged_trimmed_filtered;aDNA;20035-298-545;H04;NCBN001075-H04;4012511392;NBC.LAB.2909;UPG84-sand2-Alv4;GITC + cleanKit;Alveolinella quoyi;-5.078018;119.316899;Indonesia;Makassar;NCBN001075;0;0.96;103.34;EG010;COI;NXT-foramCOI_F;NXT-foramCOI_R;0.9;10;no data;no data;H04;EG006;D;517;3.3104;E05
e4012511394_NBCLAB2925_UPG94_rf3_Mar6_EG005_C_C2_EG005_6_72445_10_GGAGCTACGTAAGGAG_L001_merged_trimmed_filtered;aDNA;20035-298-545;H06;NCBN001075-H06;4012511394;NBC.LAB.2925;UPG94-rf3-Mar6;GITC + cleanKit;Marginopora vertebralis;-4.68754;118.9516;Indonesia;Makassar;NCBN001075;0.47;-0.1;146.69;EG011;COI;NXT-foramCOI_F;NXT-foramCOI_R;0.9;10;no data;no data;H02;EG006;D;505;22.0457;B07
e4012511394_NBCLAB2925_UPG94_rf3_Mar6_EG006_D_B7_EG005_6_72445_143_TAGCGCTCTTCTAGCT_L001_merged_trimmed_filtered;aDNA;20035-298-545;H06;NCBN001075-H06;4012511394;NBC.LAB.2925;UPG94-rf3-Mar6;GITC + cleanKit;Marginopora vertebralis;-4.68754;118.9516;Indonesia;Makassar;NCBN001075;0.47;-0.1;146.69;EG003;COI;NXT-foramCOI_F;NXT-foramCOI_R;0.9;10;no data;no data;A01;EG005;C;513;17.6332;C02
e4012511395_NBCLAB2933_UPG94_rf3_Mar14_EG006_D_H7_EG005_6_72445_149_TAGCGCTCTTATGCGA_L001_merged_trimmed_filtered;aDNA;20035-298-545;H07;NCBN001075-H07;4012511395;NBC.LAB.2933;UPG94-rf3-Mar14;Extraction micro kit;Amphisorus SpS;-4.68754;118.9516;Indonesia;Makassar;NCBN001075;24.24;2.84;23.52;EG011;COI;NXT-foramCOI_F;NXT-foramCOI_R;0.9;10;no data;no data;H03;EG006;D;503;24.0759;H07
e4012511396_NBCLAB2941_UPG78_21_Amp8_EG006_D_D8_EG005_6_72445_153_ACTGAGCGGCGTAAGA_L001_merged_trimmed_filtered;aDNA;20035-298-545;H08;NCBN001075-H08;4012511396;NBC.LAB.2941;UPG78-21-Amp8;GITC + cleanKit;Amphistegina radiata;-4.97522;119.20795;Indonesia;Makassar;NCBN001075;0;1.17;100;EG011;COI;NXT-foramCOI_F;NXT-foramCOI_R;0.9;10;no data;no data;H04;EG006;D;514;7.4904;D08
e4032057136_NBCLAB3471_UPG78_rf3_for1_EG005_C_A3_EG005_6_72445_16_GCGTAGTACTCTCTAT_L001_merged_trimmed_filtered;aDNA;20035-298-545;A01;NCBN001251-A01;4032057136;NBC.LAB.3471;UPG78-rf3-for1;0;Sorites sp;-4.97522;119.20795;Indonesia;Makassar;NCBN001251;0.26;1.12;127.9;EG004;COI;NXT-foramCOI_F;NXT-foramCOI_R;0.9;10;no data;no data;B01;EG005;C;501;33.2061;A03
e4032057136_NBCLAB3471_UPG78_rf3_for1_EG006_D_H8_EG005_6_72445_157_ACTGAGCGTTATGCGA_L001_merged_trimmed_filtered;aDNA;20035-298-545;A01;NCBN001251-A01;4032057136;NBC.LAB.3471;UPG78-rf3-for1;0;Sorites sp;-4.97522;119.20795;Indonesia;Makassar;NCBN001251;0.26;1.12;127.9;EG012;COI;NXT-foramCOI_F;NXT-foramCOI_R;0.9;10;no data;no data;G01;EG006;D;510;29.0525;H08
e4032057138_NBCLAB3487_UPG71_33_for17_EG006_D_E10_EG005_6_72445_170_CGATCAGTCTATTAAG_L001_merged_trimmed_filtered;aDNA;20035-298-545;A03;NCBN001251-A03;4032057138;NBC.LAB.3487;UPG71-33-for17;0;Parasorites sp;-5.103225;119.284754;Indonesia;Makassar;NCBN001251;0;2.83;13.19;EG012;COI;NXT-foramCOI_F;NXT-foramCOI_R;0.9;10;no data;no data;G03;EG006;D;508;21.4551;E10
e4032057140_NBCLAB3503_UPG80_rf1_for33_EG005_C_G4_EG005_6_72445_30_CGGAGCCTCGTCTAAT_L001_merged_trimmed_filtered;aDNA;20035-298-545;A05;NCBN001251-A05;4032057140;NBC.LAB.3503;UPG80-rf1-for33;0;Neorotalia calcar;-5.074183;119.422367;Indonesia;Makassar;NCBN001251;0.26;1.65;158.84;EG005;COI;NXT-foramCOI_F;NXT-foramCOI_R;0.9;10;no data;no data;B02;EG005;C;506;17.8641;G04
e4032057141_NBCLAB3511_UPG84_sand2_for41_EG005_C_G5_EG005_6_72445_38_TACGCTGCCGTCTAAT_L001_merged_trimmed_filtered;aDNA;20035-298-545;A06;NCBN001251-A06;4032057141;NBC.LAB.3511;UPG84-sand2-for41;0;Alveolinella quoyi;-5.078018;119.316899;Indonesia;Makassar;NCBN001251;0;5.4;17.69;EG005;COI;NXT-foramCOI_F;NXT-foramCOI_R;0.9;10;no data;no data;B03;EG005;C;510;15.1431;G05
e4032057142_NBCLAB3519_UPG84_sand2_for49_EG005_C_F6_EG005_6_72445_45_ATGCGCAGCTAAGCCT_L001_merged_trimmed_filtered;aDNA;20035-298-545;A07;NCBN001251-A07;4032057142;NBC.LAB.3519;UPG84-sand2-for49;0;Alveolinella quoyi;-5.078018;119.316899;Indonesia;Makassar;NCBN001251;0;0.75;150.6;EG006;COI;NXT-foramCOI_F;NXT-foramCOI_R;0.9;10;no data;no data;B01;EG005;C;507;23.7882;F06
e4032057143_NBCLAB3917_Zoo_tank1_hete7_EG005_C_F12_EG005_6_72445_93_TCGACGTCCTAAGCCT_L001_merged_trimmed_filtered;aDNA;20035-298-545;A08;NCBN001251-A08;4032057143;NBC.LAB.3917;Zoo_tank1-hete7;0;Heterostegina depressa;52.010112;5.900072;Netherlands;Arnhem;NCBN001251;not available;not available;not available;EG006;COI;NXT-foramCOI_F;NXT-foramCOI_R;0.9;10;no data;no data;B02;EG005;C;502;27.5972;F07
e4032057143_NBCLAB3917_Zoo_tank1_hete7_EG005_C_F7_EG005_6_72445_53_TAGCGCTCCTAAGCCT_L001_merged_trimmed_filtered;aDNA;20035-298-545;A08;NCBN001251-A08;4032057143;NBC.LAB.3917;Zoo_tank1-hete7;0;Heterostegina depressa;52.010112;5.900072;Netherlands;Arnhem;NCBN001251;not available;not available;not available;EG008;COI;NXT-foramCOI_F;NXT-foramCOI_R;0.9;10;no data;no data;A04;EG005;C;509;30.958;F12
e4032057148_NBCLAB3472_UPG78_rf3_for2_EG005_C_B3_EG005_6_72445_17_GCGTAGTATATCCTCT_L001_merged_trimmed_filtered;aDNA;20035-298-545;B01;NCBN001251-B01;4032057148;NBC.LAB.3472;UPG78-rf3-for2;0;Sorites sp;-4.97522;119.20795;Indonesia;Makassar;NCBN001251;0;0.19;62.71;EG012;COI;NXT-foramCOI_F;NXT-foramCOI_R;0.9;10;no data;no data;H01;EG006;D;510;15.1788;A09
e4032057148_NBCLAB3472_UPG78_rf3_for2_EG006_D_A9_EG005_6_72445_158_CCTAAGACTCGACTAG_L001_merged_trimmed_filtered;aDNA;20035-298-545;B01;NCBN001251-B01;4032057148;NBC.LAB.3472;UPG78-rf3-for2;0;Sorites sp;-4.97522;119.20795;Indonesia;Makassar;NCBN001251;0;0.19;62.71;EG004;COI;NXT-foramCOI_F;NXT-foramCOI_R;0.9;10;no data;no data;C01;EG005;C;498;28.0021;B03
e4032057150_NBCLAB3488_UPG71_33_for18_EG006_D_F10_EG005_6_72445_171_CGATCAGTAAGGCTAT_L001_merged_trimmed_filtered;aDNA;20035-298-545;B03;NCBN001251-B03;4032057150;NBC.LAB.3488;UPG71-33-for18;0;Parasorites sp;-5.103225;119.284754;Indonesia;Makassar;NCBN001251;0;2.79;13.39;EG012;COI;NXT-foramCOI_F;NXT-foramCOI_R;0.9;10;no data;no data;H03;EG006;D;507;24.9631;F10
e4032057151_NBCLAB3496_UPG71_rf4_for26_EG005_C_H3_EG005_6_72445_23_GCGTAGTATCTCTCCG_L001_merged_trimmed_filtered;aDNA;20035-298-545;B04;NCBN001251-B04;4032057151;NBC.LAB.3496;UPG71-rf4-for26;0;Peneroplis planatus;-5.103225;119.284754;Indonesia;Makassar;NCBN001251;0;0.25;101.09;EG005;COI;NXT-foramCOI_F;NXT-foramCOI_R;0.9;10;no data;no data;C01;EG005;C;494;36.5005;H03
e4032057152_NBCLAB3504_UPG80_rf1_for34_EG005_C_H4_EG005_6_72445_31_CGGAGCCTTCTCTCCG_L001_merged_trimmed_filtered;aDNA;20035-298-545;B05;NCBN001251-B05;4032057152;NBC.LAB.3504;UPG80-rf1-for34;0;Neorotalia gaimardi;-5.074183;119.422367;Indonesia;Makassar;NCBN001251;0;5.73;120.09;EG005;COI;NXT-foramCOI_F;NXT-foramCOI_R;0.9;10;no data;no data;C02;EG005;C;504;26.4261;H04
e4032057154_NBCLAB3520_UPG84_sand2_for50_EG005_C_G6_EG005_6_72445_46_ATGCGCAGCGTCTAAT_L001_merged_trimmed_filtered;aDNA;20035-298-545;B07;NCBN001251-B07;4032057154;NBC.LAB.3520;UPG84-sand2-for50;0;Alveolinella quoyi;-5.078018;119.316899;Indonesia;Makassar;NCBN001251;0;2.69;218.32;EG006;COI;NXT-foramCOI_F;NXT-foramCOI_R;0.9;10;no data;no data;C01;EG005;C;505;11.1148;G06
e4032057155_NBCLAB3918_Zoo_tank1_hete8_EG005_C_G7_EG005_6_72445_54_TAGCGCTCCGTCTAAT_L001_merged_trimmed_filtered;aDNA;20035-298-545;B08;NCBN001251-B08;4032057155;NBC.LAB.3918;Zoo_tank1-hete8;0;Heterostegina depressa;52.010112;5.900072;Netherlands;Arnhem;NCBN001251;not available;not available;not available;EG006;COI;NXT-foramCOI_F;NXT-foramCOI_R;0.9;10;no data;no data;C02;EG005;C;495;24.3264;G07
e4032057160_NBCLAB3473_UPG78_rf3_for3_EG005_C_C3_EG005_6_72445_18_GCGTAGTAGTAAGGAG_L001_merged_trimmed_filtered;aDNA;20035-298-545;C01;NCBN001251-C01;4032057160;NBC.LAB.3473;UPG78-rf3-for3;0;Sorites sp;-4.97522;119.20795;Indonesia;Makassar;NCBN001251;0.82;0.69;104.84;EG012;COI;NXT-foramCOI_F;NXT-foramCOI_R;0.9;10;no data;no data;A02;EG006;D;511;7.2055;B09
e4032057160_NBCLAB3473_UPG78_rf3_for3_EG006_D_B9_EG005_6_72445_159_CCTAAGACTTCTAGCT_L001_merged_trimmed_filtered;aDNA;20035-298-545;C01;NCBN001251-C01;4032057160;NBC.LAB.3473;UPG78-rf3-for3;0;Sorites sp;-4.97522;119.20795;Indonesia;Makassar;NCBN001251;0.82;0.69;104.84;EG004;COI;NXT-foramCOI_F;NXT-foramCOI_R;0.9;10;no data;no data;D01;EG005;C;504;23.8039;C03
e4032057161_NBCLAB3481_UPG71_33_for11_EG006_D_G9_EG005_6_72445_164_CCTAAGACGAGCCTTA_L001_merged_trimmed_filtered;aDNA;20035-298-545;C02;NCBN001251-C02;4032057161;NBC.LAB.3481;UPG71-33-for11;0;Nummulites venosus;-5.103225;119.284754;Indonesia;Makassar;NCBN001251;0.38;2.11;109.85;EG012;COI;NXT-foramCOI_F;NXT-foramCOI_R;0.9;10;no data;no data;A03;EG006;D;511;11.7544;G09
e4032057162_NBCLAB3489_UPG71_33_for19_EG006_D_G10_EG005_6_72445_172_CGATCAGTGAGCCTTA_L001_merged_trimmed_filtered;aDNA;20035-298-545;C03;NCBN001251-C03;4032057162;NBC.LAB.3489;UPG71-33-for19;0;Parasorites sp;-5.103225;119.284754;Indonesia;Makassar;NCBN001251;0;2.41;11.32;EG012;COI;NXT-foramCOI_F;NXT-foramCOI_R;0.9;10;no data;no data;A04;EG006;D;507;21.4219;G10
e4032057163_NBCLAB3497_UPG71_rf4_for27_EG005_C_A4_EG005_6_72445_24_CGGAGCCTCTCTCTAT_L001_merged_trimmed_filtered;aDNA;20035-298-545;C04;NCBN001251-C04;4032057163;NBC.LAB.3497;UPG71-rf4-for27;0;Peneroplis planatus;-5.103225;119.284754;Indonesia;Makassar;NCBN001251;8.02;2.78;13.49;EG005;COI;NXT-foramCOI_F;NXT-foramCOI_R;0.9;10;no data;no data;D01;EG005;C;505;27.1668;A04
e4032057164_NBCLAB3505_UPG80_rf1_for35_EG005_C_A5_EG005_6_72445_32_TACGCTGCCTCTCTAT_L001_merged_trimmed_filtered;aDNA;20035-298-545;C05;NCBN001251-C05;4032057164;NBC.LAB.3505;UPG80-rf1-for35;0;Neorotalia gaimardi;-5.074183;119.422367;Indonesia;Makassar;NCBN001251;0.29;0.5;53.04;EG005;COI;NXT-foramCOI_F;NXT-foramCOI_R;0.9;10;no data;no data;D02;EG005;C;520;7.8142;A05
e4032057166_NBCLAB3911_Zoo_tank1_hete1_EG005_C_H6_EG005_6_72445_47_ATGCGCAGTCTCTCCG_L001_merged_trimmed_filtered;aDNA;20035-298-545;C07;NCBN001251-C07;4032057166;NBC.LAB.3911;Zoo_tank1-hete1;0;Heterostegina depressa;52.010112;5.900072;Netherlands;Arnhem;NCBN001251;not available;not available;not available;EG006;COI;NXT-foramCOI_F;NXT-foramCOI_R;0.9;10;no data;no data;D01;EG005;C;498;38.7716;H06
e4032057167_NBCLAB3919_Zoo_tank1_hete9_EG005_C_H7_EG005_6_72445_55_TAGCGCTCTCTCTCCG_L001_merged_trimmed_filtered;aDNA;20035-298-545;C08;NCBN001251-C08;4032057167;NBC.LAB.3919;Zoo_tank1-hete9;0;Heterostegina depressa;52.010112;5.900072;Netherlands;Arnhem;NCBN001251;not available;not available;not available;EG006;COI;NXT-foramCOI_F;NXT-foramCOI_R;0.9;10;no data;no data;D02;EG005;C;499;27.7713;H07
e4032057172_NBCLAB3474_UPG78_rf3_for4_EG005_C_D3_EG005_6_72445_19_GCGTAGTAACTGCATA_L001_merged_trimmed_filtered;aDNA;20035-298-545;D01;NCBN001251-D01;4032057172;NBC.LAB.3474;UPG78-rf3-for4;0;Sorites sp;-4.97522;119.20795;Indonesia;Makassar;NCBN001251;0;-1.93;100.45;EG012;COI;NXT-foramCOI_F;NXT-foramCOI_R;0.9;10;no data;no data;B02;EG006;D;507;28.77;C09
e4032057172_NBCLAB3474_UPG78_rf3_for4_EG006_D_C9_EG005_6_72445_160_CCTAAGACCCTAGAGT_L001_merged_trimmed_filtered;aDNA;20035-298-545;D01;NCBN001251-D01;4032057172;NBC.LAB.3474;UPG78-rf3-for4;0;Sorites sp;-4.97522;119.20795;Indonesia;Makassar;NCBN001251;0;-1.93;100.45;EG004;COI;NXT-foramCOI_F;NXT-foramCOI_R;0.9;10;no data;no data;E01;EG005;C;496;24.1614;D03
e4032057173_NBCLAB3482_UPG71_33_for12_EG006_D_H9_EG005_6_72445_165_CCTAAGACTTATGCGA_L001_merged_trimmed_filtered;aDNA;20035-298-545;D02;NCBN001251-D02;4032057173;NBC.LAB.3482;UPG71-33-for12;0;Nummulites venosus;-5.103225;119.284754;Indonesia;Makassar;NCBN001251;0;0.64;95.59;EG012;COI;NXT-foramCOI_F;NXT-foramCOI_R;0.9;10;no data;no data;B03;EG006;D;507;20.7209;H09
e4032057174_NBCLAB3490_UPG71_33_for20_EG006_D_H10_EG005_6_72445_173_CGATCAGTTTATGCGA_L001_merged_trimmed_filtered;aDNA;20035-298-545;D03;NCBN001251-D03;4032057174;NBC.LAB.3490;UPG71-33-for20;0;Parasorites sp;-5.103225;119.284754;Indonesia;Makassar;NCBN001251;0;3.02;17.71;EG012;COI;NXT-foramCOI_F;NXT-foramCOI_R;0.9;10;no data;no data;B04;EG006;D;505;26.2072;H10
e4032057175_NBCLAB3498_UPG71_rf4_for28_EG005_C_B4_EG005_6_72445_25_CGGAGCCTTATCCTCT_L001_merged_trimmed_filtered;aDNA;20035-298-545;D04;NCBN001251-D04;4032057175;NBC.LAB.3498;UPG71-rf4-for28;0;Peneroplis planatus;-5.103225;119.284754;Indonesia;Makassar;NCBN001251;8.22;3.05;17.47;EG005;COI;NXT-foramCOI_F;NXT-foramCOI_R;0.9;10;no data;no data;E01;EG005;C;498;31.8515;B04
e4032057176_NBCLAB3506_UPG80_rf1_for36_EG005_C_B5_EG005_6_72445_33_TACGCTGCTATCCTCT_L001_merged_trimmed_filtered;aDNA;20035-298-545;D05;NCBN001251-D05;4032057176;NBC.LAB.3506;UPG80-rf1-for36;0;Neorotalia gaimardi;-5.074183;119.422367;Indonesia;Makassar;NCBN001251;0;8.71;111.89;EG005;COI;NXT-foramCOI_F;NXT-foramCOI_R;0.9;10;no data;no data;E02;EG005;C;495;27.4531;B05
e4032057177_NBCLAB3514_UPG84_sand2_for44_EG005_C_H5_EG005_6_72445_39_TACGCTGCTCTCTCCG_L001_merged_trimmed_filtered;aDNA;20035-298-545;D06;NCBN001251-D06;4032057177;NBC.LAB.3514;UPG84-sand2-for44;0;Alveolinella quoyi;-5.078018;119.316899;Indonesia;Makassar;NCBN001251;0.76;3.3;64.88;EG005;COI;NXT-foramCOI_F;NXT-foramCOI_R;0.9;10;no data;no data;E03;EG005;C;515;14.1807;H05
e4032057178_NBCLAB3912_Zoo_tank1_hete2_EG005_C_A7_EG005_6_72445_48_TAGCGCTCCTCTCTAT_L001_merged_trimmed_filtered;aDNA;20035-298-545;D07;NCBN001251-D07;4032057178;NBC.LAB.3912;Zoo_tank1-hete2;0;Heterostegina depressa;52.010112;5.900072;Netherlands;Arnhem;NCBN001251;not available;not available;not available;EG006;COI;NXT-foramCOI_F;NXT-foramCOI_R;0.9;10;no data;no data;E01;EG005;C;503;32.9031;A07
e4032057179_NBCLAB3920_Zoo_tank1_hete10_EG005_C_A8_EG005_6_72445_56_ACTGAGCGCTCTCTAT_L001_merged_trimmed_filtered;aDNA;20035-298-545;D08;NCBN001251-D08;4032057179;NBC.LAB.3920;Zoo_tank1-hete10;0;Heterostegina depressa;52.010112;5.900072;Netherlands;Arnhem;NCBN001251;not available;not available;not available;EG006;COI;NXT-foramCOI_F;NXT-foramCOI_R;0.9;10;no data;no data;E02;EG005;C;501;40.2262;A08
e4032057184_NBCLAB3475_UPG78_rf3_for5_EG006_D_D9_EG005_6_72445_161_CCTAAGACGCGTAAGA_L001_merged_trimmed_filtered;aDNA;20035-298-545;E01;NCBN001251-E01;4032057184;NBC.LAB.3475;UPG78-rf3-for5;0;Sorites sp;-4.97522;119.20795;Indonesia;Makassar;NCBN001251;0;41.73;123.97;EG012;COI;NXT-foramCOI_F;NXT-foramCOI_R;0.9;10;no data;no data;C02;EG006;D;509;20.1223;D09
e4032057185_NBCLAB3483_UPG71_33_for13_EG006_D_A10_EG005_6_72445_166_CGATCAGTTCGACTAG_L001_merged_trimmed_filtered;aDNA;20035-298-545;E02;NCBN001251-E02;4032057185;NBC.LAB.3483;UPG71-33-for13;0;Nummulites venosus;-5.103225;119.284754;Indonesia;Makassar;NCBN001251;0;0.34;112.16;EG012;COI;NXT-foramCOI_F;NXT-foramCOI_R;0.9;10;no data;no data;C03;EG006;D;513;18.4421;A10
e4032057186_NBCLAB3491_UPG71_33_for21_EG006_D_A11_EG005_6_72445_174_TGCAGCTATCGACTAG_L001_merged_trimmed_filtered;aDNA;20035-298-545;E03;NCBN001251-E03;4032057186;NBC.LAB.3491;UPG71-33-for21;0;Parasorites sp;-5.103225;119.284754;Indonesia;Makassar;NCBN001251;0;0.15;80.91;EG012;COI;NXT-foramCOI_F;NXT-foramCOI_R;0.9;10;no data;no data;C04;EG006;D;511;16.0279;A11
e4032057187_NBCLAB3499_UPG71_rf4_for29_EG005_C_C4_EG005_6_72445_26_CGGAGCCTGTAAGGAG_L001_merged_trimmed_filtered;aDNA;20035-298-545;E04;NCBN001251-E04;4032057187;NBC.LAB.3499;UPG71-rf4-for29;0;Peneroplis planatus;-5.103225;119.284754;Indonesia;Makassar;NCBN001251;4.08;2.74;11.64;EG005;COI;NXT-foramCOI_F;NXT-foramCOI_R;0.9;10;no data;no data;F01;EG005;C;509;2.9119;C04
e4032057188_NBCLAB3507_UPG80_rf1_for37_EG005_C_C5_EG005_6_72445_34_TACGCTGCGTAAGGAG_L001_merged_trimmed_filtered;aDNA;20035-298-545;E05;NCBN001251-E05;4032057188;NBC.LAB.3507;UPG80-rf1-for37;0;Neorotalia gaimardi;-5.074183;119.422367;Indonesia;Makassar;NCBN001251;0.16;-0.52;132.41;EG005;COI;NXT-foramCOI_F;NXT-foramCOI_R;0.9;10;no data;no data;F02;EG005;C;505;29.0158;C05
e4032057189_NBCLAB3515_UPG84_sand2_for45_EG005_C_A6_EG005_6_72445_40_ATGCGCAGCTCTCTAT_L001_merged_trimmed_filtered;aDNA;20035-298-545;E06;NCBN001251-E06;4032057189;NBC.LAB.3515;UPG84-sand2-for45;0;Alveolinella quoyi;-5.078018;119.316899;Indonesia;Makassar;NCBN001251;0;-1.26;148.43;EG005;COI;NXT-foramCOI_F;NXT-foramCOI_R;0.9;10;no data;no data;F03;EG005;C;505;34.2305;A06
e4032057190_NBCLAB3913_Zoo_tank1_hete3_EG005_C_B7_EG005_6_72445_49_TAGCGCTCTATCCTCT_L001_merged_trimmed_filtered;aDNA;20035-298-545;E07;NCBN001251-E07;4032057190;NBC.LAB.3913;Zoo_tank1-hete3;0;Heterostegina depressa;52.010112;5.900072;Netherlands;Arnhem;NCBN001251;not available;not available;not available;EG006;COI;NXT-foramCOI_F;NXT-foramCOI_R;0.9;10;no data;no data;F01;EG005;C;499;27.7496;B07
e4032057196_NBCLAB3476_UPG78_rf3_for6_EG005_C_E3_EG005_6_72445_20_GCGTAGTAAAGGAGTA_L001_merged_trimmed_filtered;aDNA;20035-298-545;F01;NCBN001251-F01;4032057196;NBC.LAB.3476;UPG78-rf3-for6;0;Sorites sp;-4.97522;119.20795;Indonesia;Makassar;NCBN001251;1.01;2.08;112.14;EG004;COI;NXT-foramCOI_F;NXT-foramCOI_R;0.9;10;no data;no data;G01;EG005;C;504;26.7667;E03
e4032057196_NBCLAB3476_UPG78_rf3_for6_EG006_D_E9_EG005_6_72445_162_CCTAAGACCTATTAAG_L001_merged_trimmed_filtered;aDNA;20035-298-545;F01;NCBN001251-F01;4032057196;NBC.LAB.3476;UPG78-rf3-for6;0;Sorites sp;-4.97522;119.20795;Indonesia;Makassar;NCBN001251;1.01;2.08;112.14;EG012;COI;NXT-foramCOI_F;NXT-foramCOI_R;0.9;10;no data;no data;D02;EG006;D;507;24.8431;E09
e4032057197_NBCLAB3484_UPG71_33_for14_EG006_D_B10_EG005_6_72445_167_CGATCAGTTTCTAGCT_L001_merged_trimmed_filtered;aDNA;20035-298-545;F02;NCBN001251-F02;4032057197;NBC.LAB.3484;UPG71-33-for14;0;Nummulites venosus;-5.103225;119.284754;Indonesia;Makassar;NCBN001251;0;4.06;148.56;EG012;COI;NXT-foramCOI_F;NXT-foramCOI_R;0.9;10;no data;no data;D03;EG006;D;509;22.4215;B10
e4032057198_NBCLAB3492_UPG71_33_for22_EG006_D_B11_EG005_6_72445_175_TGCAGCTATTCTAGCT_L001_merged_trimmed_filtered;aDNA;20035-298-545;F03;NCBN001251-F03;4032057198;NBC.LAB.3492;UPG71-33-for22;0;Parasorites sp;-5.103225;119.284754;Indonesia;Makassar;NCBN001251;0;1.37;144.45;EG012;COI;NXT-foramCOI_F;NXT-foramCOI_R;0.9;10;no data;no data;D04;EG006;D;507;23.8729;B11
e4032057199_NBCLAB3500_UPG71_rf4_for30_EG005_C_D4_EG005_6_72445_27_CGGAGCCTACTGCATA_L001_merged_trimmed_filtered;aDNA;20035-298-545;F04;NCBN001251-F04;4032057199;NBC.LAB.3500;UPG71-rf4-for30;0;Peneroplis planatus;-5.103225;119.284754;Indonesia;Makassar;NCBN001251;0;3.08;18.06;EG005;COI;NXT-foramCOI_F;NXT-foramCOI_R;0.9;10;no data;no data;G01;EG005;C;512;6.7971;D04
e4032057200_NBCLAB3508_UPG80_rf1_for38_EG005_C_D5_EG005_6_72445_35_TACGCTGCACTGCATA_L001_merged_trimmed_filtered;aDNA;20035-298-545;F05;NCBN001251-F05;4032057200;NBC.LAB.3508;UPG80-rf1-for38;0;Neorotalia calcar;-5.074183;119.422367;Indonesia;Makassar;NCBN001251;5.68;2.67;11.98;EG005;COI;NXT-foramCOI_F;NXT-foramCOI_R;0.9;10;no data;no data;G02;EG005;C;497;23.6594;D05
e4032057201_NBCLAB3516_UPG84_sand2_for46_EG005_C_B6_EG005_6_72445_41_ATGCGCAGTATCCTCT_L001_merged_trimmed_filtered;aDNA;20035-298-545;F06;NCBN001251-F06;4032057201;NBC.LAB.3516;UPG84-sand2-for46;0;Alveolinella quoyi;-5.078018;119.316899;Indonesia;Makassar;NCBN001251;0;1.46;51.15;EG005;COI;NXT-foramCOI_F;NXT-foramCOI_R;0.9;10;no data;no data;G03;EG005;C;503;25.5529;B06
e4032057202_NBCLAB3914_Zoo_tank1_hete4_EG005_C_C7_EG005_6_72445_50_TAGCGCTCGTAAGGAG_L001_merged_trimmed_filtered;aDNA;20035-298-545;F07;NCBN001251-F07;4032057202;NBC.LAB.3914;Zoo_tank1-hete4;0;Heterostegina depressa;52.010112;5.900072;Netherlands;Arnhem;NCBN001251;not available;not available;not available;EG006;COI;NXT-foramCOI_F;NXT-foramCOI_R;0.9;10;no data;no data;G01;EG005;C;502;30.8635;C07
e4032057209_NBCLAB3485_UPG71_33_for15_EG006_D_C10_EG005_6_72445_168_CGATCAGTCCTAGAGT_L001_merged_trimmed_filtered;aDNA;20035-298-545;G02;NCBN001251-G02;4032057209;NBC.LAB.3485;UPG71-33-for15;0;Parasorites sp;-5.103225;119.284754;Indonesia;Makassar;NCBN001251;0;-0.54;106.42;EG012;COI;NXT-foramCOI_F;NXT-foramCOI_R;0.9;10;no data;no data;E03;EG006;D;508;24.1874;C10
e4032057211_NBCLAB3501_UPG80_rf1_for31_EG005_C_E4_EG005_6_72445_28_CGGAGCCTAAGGAGTA_L001_merged_trimmed_filtered;aDNA;20035-298-545;G04;NCBN001251-G04;4032057211;NBC.LAB.3501;UPG80-rf1-for31;0;Neorotalia gaimardi;-5.074183;119.422367;Indonesia;Makassar;NCBN001251;18.73;3.22;18.91;EG005;COI;NXT-foramCOI_F;NXT-foramCOI_R;0.9;10;no data;no data;H01;EG005;C;502;23.9084;E04
e4032057212_NBCLAB3509_UPG80_rf1_for39_EG005_C_E5_EG005_6_72445_36_TACGCTGCAAGGAGTA_L001_merged_trimmed_filtered;aDNA;20035-298-545;G05;NCBN001251-G05;4032057212;NBC.LAB.3509;UPG80-rf1-for39;0;Neorotalia gaimardi;-5.074183;119.422367;Indonesia;Makassar;NCBN001251;6.29;3.19;21.84;EG005;COI;NXT-foramCOI_F;NXT-foramCOI_R;0.9;10;no data;no data;H02;EG005;C;503;23.6693;E05
e4032057213_NBCLAB3517_UPG84_sand2_for47_EG005_C_C6_EG005_6_72445_42_ATGCGCAGGTAAGGAG_L001_merged_trimmed_filtered;aDNA;20035-298-545;G06;NCBN001251-G06;4032057213;NBC.LAB.3517;UPG84-sand2-for47;0;Alveolinella quoyi;-5.078018;119.316899;Indonesia;Makassar;NCBN001251;1.01;7.55;82.52;EG005;COI;NXT-foramCOI_F;NXT-foramCOI_R;0.9;10;no data;no data;H03;EG005;C;507;33.207;C06
e4032057214_NBCLAB3915_Zoo_tank1_hete5_EG005_C_D7_EG005_6_72445_51_TAGCGCTCACTGCATA_L001_merged_trimmed_filtered;aDNA;20035-298-545;G07;NCBN001251-G07;4032057214;NBC.LAB.3915;Zoo_tank1-hete5;0;Heterostegina depressa;52.010112;5.900072;Netherlands;Arnhem;NCBN001251;not available;not available;not available;EG006;COI;NXT-foramCOI_F;NXT-foramCOI_R;0.9;10;no data;no data;H01;EG005;C;505;25.7681;D07
e4032057214_NBCLAB3915_Zoo_tank1_hete5_EG006_D_F2_EG005_6_72445_107_GGAGCTACAAGGCTAT_L001_merged_trimmed_filtered;aDNA;20035-298-545;G07;NCBN001251-G07;4032057214;NBC.LAB.3915;Zoo_tank1-hete5;0;Heterostegina depressa;52.010112;5.900072;Netherlands;Arnhem;NCBN001251;not available;not available;not available;EG009;COI;NXT-foramCOI_F;NXT-foramCOI_R;0.9;10;no data;no data;G03;EG006;D;509;28.7168;F02
e4032057220_NBCLAB3478_UPG78_rf3_for8_EG005_C_F3_EG005_6_72445_21_GCGTAGTACTAAGCCT_L001_merged_trimmed_filtered;aDNA;20035-298-545;H01;NCBN001251-H01;4032057220;NBC.LAB.3478;UPG78-rf3-for8;0;Sorites sp;-4.97522;119.20795;Indonesia;Makassar;NCBN001251;0.63;2.26;116.28;EG004;COI;NXT-foramCOI_F;NXT-foramCOI_R;0.9;10;no data;no data;A02;EG005;C;511;16.764;F03
e4032057220_NBCLAB3478_UPG78_rf3_for8_EG006_D_F9_EG005_6_72445_163_CCTAAGACAAGGCTAT_L001_merged_trimmed_filtered;aDNA;20035-298-545;H01;NCBN001251-H01;4032057220;NBC.LAB.3478;UPG78-rf3-for8;0;Sorites sp;-4.97522;119.20795;Indonesia;Makassar;NCBN001251;0.63;2.26;116.28;EG012;COI;NXT-foramCOI_F;NXT-foramCOI_R;0.9;10;no data;no data;F02;EG006;D;505;25.5208;F09
e4032057221_NBCLAB3486_UPG71_33_for16_EG006_D_D10_EG005_6_72445_169_CGATCAGTGCGTAAGA_L001_merged_trimmed_filtered;aDNA;20035-298-545;H02;NCBN001251-H02;4032057221;NBC.LAB.3486;UPG71-33-for16;0;Parasorites sp;-5.103225;119.284754;Indonesia;Makassar;NCBN001251;0.23;2.7;14.82;EG012;COI;NXT-foramCOI_F;NXT-foramCOI_R;0.9;10;no data;no data;F03;EG006;D;508;20.8458;D10
e4032057222_NBCLAB3494_UPG71_rf4_for24_EG006_D_C11_EG005_6_72445_176_TGCAGCTACCTAGAGT_L001_merged_trimmed_filtered;aDNA;20035-298-545;H03;NCBN001251-H03;4032057222;NBC.LAB.3494;UPG71-rf4-for24;0;Peneroplis planatus;-5.103225;119.284754;Indonesia;Makassar;NCBN001251;0.68;1.8;159.79;EG012;COI;NXT-foramCOI_F;NXT-foramCOI_R;0.9;10;no data;no data;F04;EG006;D;506;22.6459;C11
e4032057223_NBCLAB3502_UPG80_rf1_for32_EG005_C_F4_EG005_6_72445_29_CGGAGCCTCTAAGCCT_L001_merged_trimmed_filtered;aDNA;20035-298-545;H04;NCBN001251-H04;4032057223;NBC.LAB.3502;UPG80-rf1-for32;0;Neorotalia gaimardi;-5.074183;119.422367;Indonesia;Makassar;NCBN001251;0;0.96;103.34;EG005;COI;NXT-foramCOI_F;NXT-foramCOI_R;0.9;10;no data;no data;A02;EG005;C;507;25.0542;F04
e4032057224_NBCLAB3510_UPG80_rf1_for40_EG005_C_F5_EG005_6_72445_37_TACGCTGCCTAAGCCT_L001_merged_trimmed_filtered;aDNA;20035-298-545;H05;NCBN001251-H05;4032057224;NBC.LAB.3510;UPG80-rf1-for40;0;Neorotalia gaimardi;-5.074183;119.422367;Indonesia;Makassar;NCBN001251;0.52;5.98;28.3;EG005;COI;NXT-foramCOI_F;NXT-foramCOI_R;0.9;10;no data;no data;A03;EG005;C;505;25.3618;F05
e4032057225_NBCLAB3518_UPG84_sand2_for48_EG005_C_D6_EG005_6_72445_43_ATGCGCAGACTGCATA_L001_merged_trimmed_filtered;aDNA;20035-298-545;H06;NCBN001251-H06;4032057225;NBC.LAB.3518;UPG84-sand2-for48;0;Alveolinella quoyi;-5.078018;119.316899;Indonesia;Makassar;NCBN001251;0.47;-0.1;146.69;EG005;COI;NXT-foramCOI_F;NXT-foramCOI_R;0.9;10;no data;no data;A04;EG005;C;502;30.2378;D06
e4032057226_NBCLAB3916_Zoo_tank1_hete6_EG005_C_E10_EG005_6_72445_76_CGATCAGTAAGGAGTA_L001_merged_trimmed_filtered;aDNA;20035-298-545;H07;NCBN001251-H07;4032057226;NBC.LAB.3916;Zoo_tank1-hete6;0;Heterostegina depressa;52.010112;5.900072;Netherlands;Arnhem;NCBN001251;not available;not available;not available;EG006;COI;NXT-foramCOI_F;NXT-foramCOI_R;0.9;10;no data;no data;A02;EG005;C;503;25.8522;E07
e4032057226_NBCLAB3916_Zoo_tank1_hete6_EG005_C_E7_EG005_6_72445_52_TAGCGCTCAAGGAGTA_L001_merged_trimmed_filtered;aDNA;20035-298-545;H07;NCBN001251-H07;4032057226;NBC.LAB.3916;Zoo_tank1-hete6;0;Heterostegina depressa;52.010112;5.900072;Netherlands;Arnhem;NCBN001251;not available;not available;not available;EG007;COI;NXT-foramCOI_F;NXT-foramCOI_R;0.9;10;no data;no data;A04;EG005;C;500;32.0823;E10
e4057165205_NBCLAB3702_UPG93_rf3_for9_EG005_C_E8_EG005_6_72445_60_ACTGAGCGAAGGAGTA_L001_merged_trimmed_filtered;aDNA;20035-298-545;A02;NCBN001287-A02;4057165205;NBC.LAB.3702;UPG93-rf3-for9;0;Amphisorus SpL;-4.971361;119.322194;Indonesia;Makassar;NCBN001287;0;0.88;102.29;EG007;COI;NXT-foramCOI_F;NXT-foramCOI_R;0.9;10;no data;no data;A02;EG005;C;503;27.4131;E08
e4057165206_NBCLAB3710_UPG90_sand3_for17_EG005_C_E9_EG005_6_72445_68_CCTAAGACAAGGAGTA_L001_merged_trimmed_filtered;aDNA;20035-298-545;A03;NCBN001287-A03;4057165206;NBC.LAB.3710;UPG90-sand3-for17;0;Nummulites venosus;-5.0517;119.353875;Indonesia;Makassar;NCBN001287;0;2.83;13.19;EG007;COI;NXT-foramCOI_F;NXT-foramCOI_R;0.9;10;no data;no data;A03;EG005;C;507;16.6169;E09
e4057165207_NBCLAB3718_UPG90_sand3_for25_EG005_C_F10_EG005_6_72445_77_CGATCAGTCTAAGCCT_L001_merged_trimmed_filtered;aDNA;20035-298-545;A04;NCBN001287-A04;4057165207;NBC.LAB.3718;UPG90-sand3-for25;0;Operculina complanata;-5.0517;119.353875;Indonesia;Makassar;NCBN001287;0;0.25;93.28;EG008;COI;NXT-foramCOI_F;NXT-foramCOI_R;0.9;10;no data;no data;A01;EG005;C;514;18.0463;F10
e4057165208_NBCLAB3726_UPG90_sand2_for33_EG005_C_F11_EG005_6_72445_85_TGCAGCTACTAAGCCT_L001_merged_trimmed_filtered;aDNA;20035-298-545;A05;NCBN001287-A05;4057165208;NBC.LAB.3726;UPG90-sand2-for33;0;Operculina ammonoides;-5.0517;119.353875;Indonesia;Makassar;NCBN001287;0.26;1.65;158.84;EG008;COI;NXT-foramCOI_F;NXT-foramCOI_R;0.9;10;no data;no data;A02;EG005;C;505;25.6899;F11
e4057165210_NBCLAB3742_UPG90_sand2_for49_EG006_D_A1_EG005_6_72445_94_ACTCGCTATCGACTAG_L001_merged_trimmed_filtered;aDNA;20035-298-545;A07;NCBN001287-A07;4057165210;NBC.LAB.3742;UPG90-sand2-for49;0;Amphistegina lessonii;-5.0517;119.353875;Indonesia;Makassar;NCBN001287;0;0.75;150.6;EG009;COI;NXT-foramCOI_F;NXT-foramCOI_R;0.9;10;no data;no data;A01;EG006;D;509;34.3072;A01
e4057165211_NBCLAB3750_UPG78_rf3_for57_EG006_D_F1_EG005_6_72445_99_ACTCGCTAAAGGCTAT_L001_merged_trimmed_filtered;aDNA;20035-298-545;A08;NCBN001287-A08;4057165211;NBC.LAB.3750;UPG78-rf3-for57;0;Sorites sp;-4.97522;119.20795;Indonesia;Makassar;NCBN001287;0;0.95;103.22;EG009;COI;NXT-foramCOI_F;NXT-foramCOI_R;0.9;10;no data;no data;A02;EG006;D;509;28.0496;F01
e4057165217_NBCLAB3703_UPG93_rf3_for10_EG005_C_F8_EG005_6_72445_61_ACTGAGCGCTAAGCCT_L001_merged_trimmed_filtered;aDNA;20035-298-545;B02;NCBN001287-B02;4057165217;NBC.LAB.3703;UPG93-rf3-for10;0;Amphisorus SpL;-4.971361;119.322194;Indonesia;Makassar;NCBN001287;0;1.1;33.74;EG007;COI;NXT-foramCOI_F;NXT-foramCOI_R;0.9;10;no data;no data;B02;EG005;C;510;30.7151;F08
e4057165218_NBCLAB3711_UPG90_sand3_for18_EG005_C_F9_EG005_6_72445_69_CCTAAGACCTAAGCCT_L001_merged_trimmed_filtered;aDNA;20035-298-545;B03;NCBN001287-B03;4057165218;NBC.LAB.3711;UPG90-sand3-for18;0;Nummulites venosus;-5.0517;119.353875;Indonesia;Makassar;NCBN001287;0;2.79;13.39;EG007;COI;NXT-foramCOI_F;NXT-foramCOI_R;0.9;10;no data;no data;B03;EG005;C;511;22.872;F09
e4057165219_NBCLAB3719_UPG90_sand3_for26_EG005_C_G10_EG005_6_72445_78_CGATCAGTCGTCTAAT_L001_merged_trimmed_filtered;aDNA;20035-298-545;B04;NCBN001287-B04;4057165219;NBC.LAB.3719;UPG90-sand3-for26;0;Operculina LKI27type;-5.0517;119.353875;Indonesia;Makassar;NCBN001287;0;0.25;101.09;EG008;COI;NXT-foramCOI_F;NXT-foramCOI_R;0.9;10;no data;no data;B01;EG005;C;496;27.0981;G10
e4057165220_NBCLAB3727_UPG90_sand2_for34_EG005_C_G11_EG005_6_72445_86_TGCAGCTACGTCTAAT_L001_merged_trimmed_filtered;aDNA;20035-298-545;B05;NCBN001287-B05;4057165220;NBC.LAB.3727;UPG90-sand2-for34;0;Operculina ammonoides;-5.0517;119.353875;Indonesia;Makassar;NCBN001287;0;5.73;120.09;EG008;COI;NXT-foramCOI_F;NXT-foramCOI_R;0.9;10;no data;no data;B02;EG005;C;499;32.7028;G11
e4057165222_NBCLAB3743_UPG90_sand2_for50_EG006_D_B1_EG005_6_72445_95_ACTCGCTATTCTAGCT_L001_merged_trimmed_filtered;aDNA;20035-298-545;B07;NCBN001287-B07;4057165222;NBC.LAB.3743;UPG90-sand2-for50;0;Amphistegina lessonii;-5.0517;119.353875;Indonesia;Makassar;NCBN001287;0;2.69;218.32;EG009;COI;NXT-foramCOI_F;NXT-foramCOI_R;0.9;10;no data;no data;B01;EG006;D;507;38.9951;B01
e4057165223_NBCLAB3751_UPG78_rf3_for58_EG006_D_G1_EG005_6_72445_100_ACTCGCTAGAGCCTTA_L001_merged_trimmed_filtered;aDNA;20035-298-545;B08;NCBN001287-B08;4057165223;NBC.LAB.3751;UPG78-rf3-for58;0;Sorites sp;-4.97522;119.20795;Indonesia;Makassar;NCBN001287;0;1.53;111.49;EG009;COI;NXT-foramCOI_F;NXT-foramCOI_R;0.9;10;no data;no data;B02;EG006;D;508;31.3664;G01
e4057165224_NBCLAB3759_UPG93_rf4_for66_EG006_D_B2_EG005_6_72445_103_GGAGCTACTTCTAGCT_L001_merged_trimmed_filtered;aDNA;20035-298-545;B09;NCBN001287-B09;4057165224;NBC.LAB.3759;UPG93-rf4-for66;0;Amphisorus SpL;-4.971361;119.322194;Indonesia;Makassar;NCBN001287;6.24;3.12;22.96;EG009;COI;NXT-foramCOI_F;NXT-foramCOI_R;0.9;10;no data;no data;B03;EG006;D;513;6.4413;B02
e4057165229_NBCLAB3704_UPG93_rf3_for11_EG005_C_G8_EG005_6_72445_62_ACTGAGCGCGTCTAAT_L001_merged_trimmed_filtered;aDNA;20035-298-545;C02;NCBN001287-C02;4057165229;NBC.LAB.3704;UPG93-rf3-for11;0;Amphisorus SpL;-4.971361;119.322194;Indonesia;Makassar;NCBN001287;0.38;2.11;109.85;EG007;COI;NXT-foramCOI_F;NXT-foramCOI_R;0.9;10;no data;no data;C02;EG005;C;503;25.469;G08
e4057165230_NBCLAB3712_UPG90_sand3_for19_EG005_C_G9_EG005_6_72445_70_CCTAAGACCGTCTAAT_L001_merged_trimmed_filtered;aDNA;20035-298-545;C03;NCBN001287-C03;4057165230;NBC.LAB.3712;UPG90-sand3-for19;0;Nummulites venosus;-5.0517;119.353875;Indonesia;Makassar;NCBN001287;0;2.41;11.32;EG007;COI;NXT-foramCOI_F;NXT-foramCOI_R;0.9;10;no data;no data;C03;EG005;C;506;12.7699;G09
e4057165231_NBCLAB3720_UPG90_sand3_for27_EG005_C_H10_EG005_6_72445_79_CGATCAGTTCTCTCCG_L001_merged_trimmed_filtered;aDNA;20035-298-545;C04;NCBN001287-C04;4057165231;NBC.LAB.3720;UPG90-sand3-for27;0;Operculina complanata;-5.0517;119.353875;Indonesia;Makassar;NCBN001287;8.02;2.78;13.49;EG008;COI;NXT-foramCOI_F;NXT-foramCOI_R;0.9;10;no data;no data;C01;EG005;C;502;32.4252;H10
e4057165235_NBCLAB3752_UPG78_rf3_for59_EG006_D_H1_EG005_6_72445_101_ACTCGCTATTATGCGA_L001_merged_trimmed_filtered;aDNA;20035-298-545;C08;NCBN001287-C08;4057165235;NBC.LAB.3752;UPG78-rf3-for59;0;Sorites sp;-4.97522;119.20795;Indonesia;Makassar;NCBN001287;0.53;0.35;80.04;EG009;COI;NXT-foramCOI_F;NXT-foramCOI_R;0.9;10;no data;no data;C02;EG006;D;502;40.0706;H01
e4057165236_NBCLAB3760_UPG93_rf4_for67_EG006_D_C2_EG005_6_72445_104_GGAGCTACCCTAGAGT_L001_merged_trimmed_filtered;aDNA;20035-298-545;C09;NCBN001287-C09;4057165236;NBC.LAB.3760;UPG93-rf4-for67;0;Amphisorus SpS;-4.971361;119.322194;Indonesia;Makassar;NCBN001287;5.94;3.12;20.37;EG009;COI;NXT-foramCOI_F;NXT-foramCOI_R;0.9;10;no data;no data;C03;EG006;D;513;23.2176;C02
e4057165241_NBCLAB3705_UPG93_rf3_for12_EG005_C_H8_EG005_6_72445_63_ACTGAGCGTCTCTCCG_L001_merged_trimmed_filtered;aDNA;20035-298-545;D02;NCBN001287-D02;4057165241;NBC.LAB.3705;UPG93-rf3-for12;0;Amphisorus SpL;-4.971361;119.322194;Indonesia;Makassar;NCBN001287;0;0.64;95.59;EG007;COI;NXT-foramCOI_F;NXT-foramCOI_R;0.9;10;no data;no data;D02;EG005;C;506;37.0465;H08
e4057165242_NBCLAB3713_UPG90_sand3_for20_EG005_C_H9_EG005_6_72445_71_CCTAAGACTCTCTCCG_L001_merged_trimmed_filtered;aDNA;20035-298-545;D03;NCBN001287-D03;4057165242;NBC.LAB.3713;UPG90-sand3-for20;0;Operculina ammonoides;-5.0517;119.353875;Indonesia;Makassar;NCBN001287;0;3.02;17.71;EG007;COI;NXT-foramCOI_F;NXT-foramCOI_R;0.9;10;no data;no data;D03;EG005;C;499;30.1343;H09
e4057165243_NBCLAB3721_UPG90_sand2_for28_EG005_C_A11_EG005_6_72445_80_TGCAGCTACTCTCTAT_L001_merged_trimmed_filtered;aDNA;20035-298-545;D04;NCBN001287-D04;4057165243;NBC.LAB.3721;UPG90-sand2-for28;0;Nummulites venosus;-5.0517;119.353875;Indonesia;Makassar;NCBN001287;8.22;3.05;17.47;EG008;COI;NXT-foramCOI_F;NXT-foramCOI_R;0.9;10;no data;no data;D01;EG005;C;512;25.0614;A11
e4057165245_NBCLAB3737_UPG71_33_for44_EG005_C_B12_EG005_6_72445_89_TCGACGTCTATCCTCT_L001_merged_trimmed_filtered;aDNA;20035-298-545;D06;NCBN001287-D06;4057165245;NBC.LAB.3737;UPG71-33-for44;0;Borelis schlumbergeri;-5.103225;119.284754;Indonesia;Makassar;NCBN001287;0.76;3.3;64.88;EG008;COI;NXT-foramCOI_F;NXT-foramCOI_R;0.9;10;no data;no data;D03;EG005;C;504;14.0783;B12
e4057165247_NBCLAB3753_UPG78_rf3_for60_EG006_D_A2_EG005_6_72445_102_GGAGCTACTCGACTAG_L001_merged_trimmed_filtered;aDNA;20035-298-545;D08;NCBN001287-D08;4057165247;NBC.LAB.3753;UPG78-rf3-for60;0;Sorites sp;-4.97522;119.20795;Indonesia;Makassar;NCBN001287;0;100.76;103.31;EG009;COI;NXT-foramCOI_F;NXT-foramCOI_R;0.9;10;no data;no data;D02;EG006;D;503;24.1581;A02
e4057165248_NBCLAB3761_UPG93_rf4_for68_EG006_D_D2_EG005_6_72445_105_GGAGCTACGCGTAAGA_L001_merged_trimmed_filtered;aDNA;20035-298-545;D09;NCBN001287-D09;4057165248;NBC.LAB.3761;UPG93-rf4-for68;0;Amphisorus SpS;-4.971361;119.322194;Indonesia;Makassar;NCBN001287;23.3;2.76;66.1;EG009;COI;NXT-foramCOI_F;NXT-foramCOI_R;0.9;10;no data;no data;D03;EG006;D;510;26.3563;D02
e4057165253_NBCLAB3706_UPG93_rf3_for13_EG005_C_A9_EG005_6_72445_64_CCTAAGACCTCTCTAT_L001_merged_trimmed_filtered;aDNA;20035-298-545;E02;NCBN001287-E02;4057165253;NBC.LAB.3706;UPG93-rf3-for13;0;Amphisorus SpL;-4.971361;119.322194;Indonesia;Makassar;NCBN001287;0;0.34;112.16;EG007;COI;NXT-foramCOI_F;NXT-foramCOI_R;0.9;10;no data;no data;E02;EG005;C;498;30.2526;A09
e4057165254_NBCLAB3714_UPG90_sand3_for21_EG005_C_A10_EG005_6_72445_72_CGATCAGTCTCTCTAT_L001_merged_trimmed_filtered;aDNA;20035-298-545;E03;NCBN001287-E03;4057165254;NBC.LAB.3714;UPG90-sand3-for21;0;Operculina ammonoides;-5.0517;119.353875;Indonesia;Makassar;NCBN001287;0;0.15;80.91;EG007;COI;NXT-foramCOI_F;NXT-foramCOI_R;0.9;10;no data;no data;E03;EG005;C;502;28.721;A10
e4057165255_NBCLAB3722_UPG90_sand2_for29_EG005_C_B11_EG005_6_72445_81_TGCAGCTATATCCTCT_L001_merged_trimmed_filtered;aDNA;20035-298-545;E04;NCBN001287-E04;4057165255;NBC.LAB.3722;UPG90-sand2-for29;0;Nummulites venosus;-5.0517;119.353875;Indonesia;Makassar;NCBN001287;4.08;2.74;11.64;EG008;COI;NXT-foramCOI_F;NXT-foramCOI_R;0.9;10;no data;no data;E01;EG005;C;505;29.8604;B11
e4057165256_NBCLAB3730_UPG71_33_for37_EG005_C_H11_EG005_6_72445_87_TGCAGCTATCTCTCCG_L001_merged_trimmed_filtered;aDNA;20035-298-545;E05;NCBN001287-E05;4057165256;NBC.LAB.3730;UPG71-33-for37;0;Alveolinella quoyi;-5.103225;119.284754;Indonesia;Makassar;NCBN001287;0.16;-0.52;132.41;EG008;COI;NXT-foramCOI_F;NXT-foramCOI_R;0.9;10;no data;no data;E02;EG005;C;510;18.9433;H11
e4057165258_NBCLAB3746_UPG72_12_for53_EG006_D_C1_EG005_6_72445_96_ACTCGCTACCTAGAGT_L001_merged_trimmed_filtered;aDNA;20035-298-545;E07;NCBN001287-E07;4057165258;NBC.LAB.3746;UPG72-12-for53;0;Calcarina sp1;-5.028175;119.090362;Indonesia;Makassar;NCBN001287;12.48;2.95;19.84;EG009;COI;NXT-foramCOI_F;NXT-foramCOI_R;0.9;10;no data;no data;E01;EG006;D;509;38.0657;C01
e4057165260_NBCLAB3762_UPG93_rf4_for69_EG006_D_E2_EG005_6_72445_106_GGAGCTACCTATTAAG_L001_merged_trimmed_filtered;aDNA;20035-298-545;E09;NCBN001287-E09;4057165260;NBC.LAB.3762;UPG93-rf4-for69;0;Amphisorus SpS;-4.971361;119.322194;Indonesia;Makassar;NCBN001287;3.54;3.09;26.49;EG009;COI;NXT-foramCOI_F;NXT-foramCOI_R;0.9;10;no data;no data;E03;EG006;D;511;22.9754;E02
e4057165264_NBCLAB3699_UPG93_rf3_for6_EG005_C_B8_EG005_6_72445_57_ACTGAGCGTATCCTCT_L001_merged_trimmed_filtered;aDNA;20035-298-545;F01;NCBN001287-F01;4057165264;NBC.LAB.3699;UPG93-rf3-for6;0;Amphisorus SpL;-4.971361;119.322194;Indonesia;Makassar;NCBN001287;1.01;2.08;112.14;EG007;COI;NXT-foramCOI_F;NXT-foramCOI_R;0.9;10;no data;no data;F01;EG005;C;503;35.3332;B08
e4057165265_NBCLAB3707_UPG93_rf3_for14_EG005_C_B9_EG005_6_72445_65_CCTAAGACTATCCTCT_L001_merged_trimmed_filtered;aDNA;20035-298-545;F02;NCBN001287-F02;4057165265;NBC.LAB.3707;UPG93-rf3-for14;0;Amphisorus SpL;-4.971361;119.322194;Indonesia;Makassar;NCBN001287;0;4.06;148.56;EG007;COI;NXT-foramCOI_F;NXT-foramCOI_R;0.9;10;no data;no data;F02;EG005;C;499;29.9963;B09
e4057165266_NBCLAB3715_UPG90_sand3_for22_EG005_C_B10_EG005_6_72445_73_CGATCAGTTATCCTCT_L001_merged_trimmed_filtered;aDNA;20035-298-545;F03;NCBN001287-F03;4057165266;NBC.LAB.3715;UPG90-sand3-for22;0;Operculina ammonoides;-5.0517;119.353875;Indonesia;Makassar;NCBN001287;0;1.37;144.45;EG007;COI;NXT-foramCOI_F;NXT-foramCOI_R;0.9;10;no data;no data;F03;EG005;C;503;25.2478;B10
e4057165267_NBCLAB3723_UPG90_sand2_for30_EG005_C_C11_EG005_6_72445_82_TGCAGCTAGTAAGGAG_L001_merged_trimmed_filtered;aDNA;20035-298-545;F04;NCBN001287-F04;4057165267;NBC.LAB.3723;UPG90-sand2-for30;0;Parasorites sp;-5.0517;119.353875;Indonesia;Makassar;NCBN001287;0;3.08;18.06;EG008;COI;NXT-foramCOI_F;NXT-foramCOI_R;0.9;10;no data;no data;F01;EG005;C;504;32.7263;C11
e4057165268_NBCLAB3731_UPG71_33_for38_EG005_C_A12_EG005_6_72445_88_TCGACGTCCTCTCTAT_L001_merged_trimmed_filtered;aDNA;20035-298-545;F05;NCBN001287-F05;4057165268;NBC.LAB.3731;UPG71-33-for38;0;Alveolinella quoyi;-5.103225;119.284754;Indonesia;Makassar;NCBN001287;5.68;2.67;11.98;EG008;COI;NXT-foramCOI_F;NXT-foramCOI_R;0.9;10;no data;no data;F02;EG005;C;494;15.1432;A12
e4057165269_NBCLAB3739_UPG71_33_for46_EG005_C_C12_EG005_6_72445_90_TCGACGTCGTAAGGAG_L001_merged_trimmed_filtered;aDNA;20035-298-545;F06;NCBN001287-F06;4057165269;NBC.LAB.3739;UPG71-33-for46;0;Nummulites venosus;-5.103225;119.284754;Indonesia;Makassar;NCBN001287;0;1.46;51.15;EG008;COI;NXT-foramCOI_F;NXT-foramCOI_R;0.9;10;no data;no data;F03;EG005;C;505;35.7409;C12
e4057165276_NBCLAB3700_UPG93_rf3_for7_EG005_C_C8_EG005_6_72445_58_ACTGAGCGGTAAGGAG_L001_merged_trimmed_filtered;aDNA;20035-298-545;G01;NCBN001287-G01;4057165276;NBC.LAB.3700;UPG93-rf3-for7;0;Amphisorus SpL;-4.971361;119.322194;Indonesia;Makassar;NCBN001287;0.48;0.96;37.88;EG007;COI;NXT-foramCOI_F;NXT-foramCOI_R;0.9;10;no data;no data;G01;EG005;C;504;34.1359;C08
e4057165277_NBCLAB3708_UPG93_rf3_for15_EG005_C_C9_EG005_6_72445_66_CCTAAGACGTAAGGAG_L001_merged_trimmed_filtered;aDNA;20035-298-545;G02;NCBN001287-G02;4057165277;NBC.LAB.3708;UPG93-rf3-for15;0;Amphisorus SpL;-4.971361;119.322194;Indonesia;Makassar;NCBN001287;0;-0.54;106.42;EG007;COI;NXT-foramCOI_F;NXT-foramCOI_R;0.9;10;no data;no data;G02;EG005;C;496;31.4836;C09
e4057165278_NBCLAB3716_UPG90_sand3_for23_EG005_C_C10_EG005_6_72445_74_CGATCAGTGTAAGGAG_L001_merged_trimmed_filtered;aDNA;20035-298-545;G03;NCBN001287-G03;4057165278;NBC.LAB.3716;UPG90-sand3-for23;0;Operculina ammonoides;-5.0517;119.353875;Indonesia;Makassar;NCBN001287;0;0.1;61.18;EG007;COI;NXT-foramCOI_F;NXT-foramCOI_R;0.9;10;no data;no data;G03;EG005;C;508;25.1569;C10
e4057165279_NBCLAB3724_UPG90_sand2_for31_EG005_C_D11_EG005_6_72445_83_TGCAGCTAACTGCATA_L001_merged_trimmed_filtered;aDNA;20035-298-545;G04;NCBN001287-G04;4057165279;NBC.LAB.3724;UPG90-sand2-for31;0;Parasorites sp;-5.0517;119.353875;Indonesia;Makassar;NCBN001287;18.73;3.22;18.91;EG008;COI;NXT-foramCOI_F;NXT-foramCOI_R;0.9;10;no data;no data;G01;EG005;C;502;28.7619;D11
e4057165281_NBCLAB3740_UPG71_33_for47_EG005_C_D12_EG005_6_72445_91_TCGACGTCACTGCATA_L001_merged_trimmed_filtered;aDNA;20035-298-545;G06;NCBN001287-G06;4057165281;NBC.LAB.3740;UPG71-33-for47;0;Operculinella cummingi;-5.103225;119.284754;Indonesia;Makassar;NCBN001287;1.01;7.55;82.52;EG008;COI;NXT-foramCOI_F;NXT-foramCOI_R;0.9;10;no data;no data;G03;EG005;C;502;36.2592;D12
e4057165282_NBCLAB3748_UPG72_12_for55_EG006_D_D1_EG005_6_72445_97_ACTCGCTAGCGTAAGA_L001_merged_trimmed_filtered;aDNA;20035-298-545;G07;NCBN001287-G07;4057165282;NBC.LAB.3748;UPG72-12-for55;0;Calcarina sp1;-5.028175;119.090362;Indonesia;Makassar;NCBN001287;19;2.51;11.62;EG009;COI;NXT-foramCOI_F;NXT-foramCOI_R;0.9;10;no data;no data;G01;EG006;D;504;38.7314;D01
e4057165288_NBCLAB3701_UPG93_rf3_for8_EG005_C_D8_EG005_6_72445_59_ACTGAGCGACTGCATA_L001_merged_trimmed_filtered;aDNA;20035-298-545;H01;NCBN001287-H01;4057165288;NBC.LAB.3701;UPG93-rf3-for8;0;Amphisorus SpL;-4.971361;119.322194;Indonesia;Makassar;NCBN001287;0.63;2.26;116.28;EG007;COI;NXT-foramCOI_F;NXT-foramCOI_R;0.9;10;no data;no data;H01;EG005;C;501;33.1718;D08
e4057165289_NBCLAB3709_UPG90_sand3_for16_EG005_C_D9_EG005_6_72445_67_CCTAAGACACTGCATA_L001_merged_trimmed_filtered;aDNA;20035-298-545;H02;NCBN001287-H02;4057165289;NBC.LAB.3709;UPG90-sand3-for16;0;Nummulites venosus;-5.0517;119.353875;Indonesia;Makassar;NCBN001287;0.23;2.7;14.82;EG007;COI;NXT-foramCOI_F;NXT-foramCOI_R;0.9;10;no data;no data;H02;EG005;C;507;19.5464;D09
e4057165290_NBCLAB3717_UPG90_sand3_for24_EG005_C_D10_EG005_6_72445_75_CGATCAGTACTGCATA_L001_merged_trimmed_filtered;aDNA;20035-298-545;H03;NCBN001287-H03;4057165290;NBC.LAB.3717;UPG90-sand3-for24;0;Operculina sp1;-5.0517;119.353875;Indonesia;Makassar;NCBN001287;0.68;1.8;159.79;EG007;COI;NXT-foramCOI_F;NXT-foramCOI_R;0.9;10;no data;no data;H03;EG005;C;503;23.4804;D10
e4057165291_NBCLAB3725_UPG90_sand2_for32_EG005_C_E11_EG005_6_72445_84_TGCAGCTAAAGGAGTA_L001_merged_trimmed_filtered;aDNA;20035-298-545;H04;NCBN001287-H04;4057165291;NBC.LAB.3725;UPG90-sand2-for32;0;Operculina ammonoides;-5.0517;119.353875;Indonesia;Makassar;NCBN001287;0;0.96;103.34;EG008;COI;NXT-foramCOI_F;NXT-foramCOI_R;0.9;10;no data;no data;H01;EG005;C;504;6.9162;E11
e4057165293_NBCLAB3741_UPG90_sand2_for48_EG005_C_E12_EG005_6_72445_92_TCGACGTCAAGGAGTA_L001_merged_trimmed_filtered;aDNA;20035-298-545;H06;NCBN001287-H06;4057165293;NBC.LAB.3741;UPG90-sand2-for48;0;Amphistegina papillosa;-5.0517;119.353875;Indonesia;Makassar;NCBN001287;0.47;-0.1;146.69;EG008;COI;NXT-foramCOI_F;NXT-foramCOI_R;0.9;10;no data;no data;H03;EG005;C;505;30.6609;E12
e4057165294_NBCLAB3749_UPG78_rf3_for56_EG006_D_E1_EG005_6_72445_98_ACTCGCTACTATTAAG_L001_merged_trimmed_filtered;aDNA;20035-298-545;H07;NCBN001287-H07;4057165294;NBC.LAB.3749;UPG78-rf3-for56;0;Sorites sp;-4.97522;119.20795;Indonesia;Makassar;NCBN001287;24.24;2.84;23.52;EG009;COI;NXT-foramCOI_F;NXT-foramCOI_R;0.9;10;no data;no data;H01;EG006;D;503;34.9029;E01
